Date,Cumulative_Cases_by_Episode_Date,Cumulative_Resolved_Cases_by_Episode_Date,Total_Active_Cases_by_Date,Cumulative_Deaths_by_Date_of_Death,Daily_Cases_by_Reported_Date,7-day_Average_of_Newly_Reported_cases_by_Reported_Date,Daily_Cases_by_Episode_Date,Daily_Cases_Linked_to_a_Community_Outbreak_by_Episode_Date,Daily_Cases_Linked_to_a_School_or_Childcare_Outbreak_by_Episode_Date,Daily_Cases_Linked_to_an_Institutional_Outbreak_by_Episode_Date,Daily_Cases_Not_Linked_to_an_Outbreak_ie_Sporadic_Cases_by_Episode_Date,Cases_Newly_Admitted_to_Hospital,Cases_Currently_in_Hospital,Cases_Currently_in_ICU,"Cumulative_Rate_for_0-9_Years_per_100,000_pop_by_Episode_Date","Cumulative_Rate_for_10-19_Years_per_100,000_pop_by_Episode_Date","Cumulative_Rate_for_20-29_Years_per_100,000_pop_by_Episode_Date","Cumulative_Rate_for_30-39_Years_per_100,000_pop_by_Episode_Date","Cumulative_Rate_for_40-49_Years_per_100,000_pop_by_Episode_Date","Cumulative_Rate_for_50-59_Years_per_100,000_pop_by_Episode_Date","Cumulative_Rate_for_60-69_Years_per_100,000_pop_by_Episode_Date","Cumulative_Rate_for_70-79_Years_per_100,000_pop_by_Episode_Date","Cumulative_Rate_for_80-89_Years_per_100,000_pop_by_Episode_Date","Cumulative_Rate_for_90_Years_and_Over_per_100,000_pop_by_Episode_Date","Cumulative_Rate_for_Males_per_100,000_pop_by_Episode_Date","Cumulative_Rate_for_Females_per_100,000_pop_by_Episode_Date",Source_of_Infection_is_a_Close_Contact_by_Episode_Date,Source_of_Infection_is_an_Outbreak_by_Episode_Date,Source_of_Infection_is_Travel_by_Episode_Date,Number_of_Cases_with_Missing_Information_for_Source_of_Infection_by_Episode_Date,Number_of_Cases_with_No_Known_Epidemiological_Link_by_Episode_Date,%_No_Known_Epidemiological_Link_by_Episode_Date_-_14_Day_Average,OBJECTID
2020/02/10,1,,1,,,0,1,0,0,0,1,0,1,0,,,,,,,0.8,,,,,0.2,0,0,1,0,0,0,0
2020/02/11,1,,1,,,0,,0,0,0,,0,1,0,,,,,,,0.8,,,,,0.2,0,0,0,0,0,0,1
2020/02/12,1,,1,,,0,,0,0,0,,0,1,0,,,,,,,0.8,,,,,0.2,0,0,0,0,0,0,2
2020/02/13,1,,1,,,0,,0,0,0,,0,1,0,,,,,,,0.8,,,,,0.2,0,0,0,0,0,0,3
2020/02/14,1,,1,,,0,,0,0,0,,0,1,0,,,,,,,0.8,,,,,0.2,0,0,0,0,0,0,4
2020/02/15,1,,1,,,0,,0,0,0,,0,1,0,,,,,,,0.8,,,,,0.2,0,0,0,0,0,0,5
2020/02/16,1,,1,,,0,,0,0,0,,0,1,0,,,,,,,0.8,,,,,0.2,0,0,0,0,0,0,6
2020/02/17,1,,1,,,0,,0,0,0,,0,1,0,,,,,,,0.8,,,,,0.2,0,0,0,0,0,0,7
2020/02/18,1,,1,,,0,,0,0,0,,0,1,0,,,,,,,0.8,,,,,0.2,0,0,0,0,0,0,8
2020/02/19,1,,1,,,0,,0,0,0,,0,1,0,,,,,,,0.8,,,,,0.2,0,0,0,0,0,0,9
2020/02/20,2,,2,,,0,1,0,0,0,1,0,1,0,,,,,,0.7,0.8,,,,0.2,0.2,0,0,1,0,0,0,10
2020/02/21,2,,2,,,0,,0,0,0,,0,1,0,,,,,,0.7,0.8,,,,0.2,0.2,0,0,0,0,0,0,11
2020/02/22,3,,3,,,0,1,0,0,0,1,0,1,0,,,,,,1.4,0.8,,,,0.4,0.2,0,0,0,0,1,33.3,12
2020/02/23,4,,4,,,0,1,0,0,0,1,0,1,0,,,,,,1.4,1.7,,,,0.4,0.4,0,0,1,0,0,25,13
2020/02/24,5,,5,,,0,1,0,0,0,1,0,1,0,,,,0.6,,1.4,1.7,,,,0.4,0.6,0,0,1,0,0,25,14
2020/02/25,5,,5,,,0,,0,0,0,,0,1,0,,,,0.6,,1.4,1.7,,,,0.4,0.6,0,0,0,0,0,25,15
2020/02/26,5,,5,,,0,,0,0,0,,0,1,0,,,,0.6,,1.4,1.7,,,,0.4,0.6,0,0,0,0,0,25,16
2020/02/27,5,,5,,,0,,0,0,0,,0,1,0,,,,0.6,,1.4,1.7,,,,0.4,0.6,0,0,0,0,0,25,17
2020/02/28,5,,5,,,0,,0,0,0,,0,1,0,,,,0.6,,1.4,1.7,,,,0.4,0.6,0,0,0,0,0,25,18
2020/02/29,5,,5,,,0,,0,0,0,,0,1,0,,,,0.6,,1.4,1.7,,,,0.4,0.6,0,0,0,0,0,25,19
2020/03/01,7,,7,,,0,2,0,0,0,2,0,1,0,,,,1.3,,1.4,2.5,,,,0.4,0.9,0,0,1,0,1,33.3,20
2020/03/02,10,,10,,,0,3,2,0,0,1,0,1,0,,,,1.9,1.5,1.4,2.5,,,,0.8,1.1,0,0,2,0,1,33.3,21
2020/03/03,11,,11,,,0,1,0,0,0,1,0,1,0,,,0.6,1.9,1.5,1.4,2.5,,,,1,1.1,0,0,1,0,0,30,22
2020/03/04,12,,12,,,0,1,0,0,0,1,0,1,0,,,0.6,1.9,2.2,1.4,2.5,,,,1,1.3,1,0,0,0,0,27.3,23
2020/03/05,18,,18,,,0,6,2,0,0,4,0,1,0,,,0.6,3.2,3.7,2.1,3.4,,,,1.5,1.9,2,2,1,0,1,25,24
2020/03/06,23,,23,,,0,5,0,0,1,4,0,1,0,,,1.2,3.8,3.7,2.9,4.2,1.3,,,1.9,2.4,1,1,2,0,1,23.8,25
2020/03/07,27,,27,,,0,4,0,0,0,4,0,1,0,,,1.2,3.8,5.2,3.6,5,1.3,,,2.3,2.8,0,0,4,0,0,16.7,26
2020/03/08,36,,36,,,0,9,1,0,0,8,0,1,0,,,1.2,3.8,8.2,5,7.6,1.3,,,3.3,3.5,2,1,5,0,1,15.6,27
2020/03/09,45,,45,,1,0.1,9,0,0,0,9,0,1,0,,0.9,2.5,4.4,8.9,5.7,9.3,2.6,,,3.5,5,3,0,5,0,1,15,28
2020/03/10,52,,52,,,0.1,7,1,0,0,6,0,1,0,,0.9,2.5,4.4,9.6,7.9,10.9,2.6,3,,4.6,5.2,3,1,3,0,0,12.8,29
2020/03/11,61,,61,,,0.1,9,0,0,0,9,0,1,0,,0.9,3.7,6.3,10.4,7.9,11.8,4,6,,5.6,6,1,0,7,0,1,12.5,30
2020/03/12,75,,75,,3,0.6,14,1,0,0,13,0,1,0,,0.9,3.7,8.2,14.8,9.3,11.8,6.6,8.9,,7,7.3,1,2,8,0,3,14.3,31
2020/03/13,97,,97,,1,0.7,22,2,0,2,18,0,1,0,,0.9,5.6,9.5,22.3,10.7,14.3,7.9,11.9,,10.2,8.2,3,3,11,0,5,16.3,32
2020/03/14,115,,115,,4,1.3,18,1,0,1,16,1,2,0,,0.9,8,11.4,26,12.2,16,9.2,14.9,,12.2,9.7,3,2,6,0,7,20,33
2020/03/15,142,,142,,4,1.9,27,1,0,0,26,0,2,0,,0.9,9.9,15.8,31.2,15,19.3,10.6,14.9,11.3,14.7,12.3,6,1,10,0,10,23,34
2020/03/16,157,,157,,,1.7,15,0,0,0,15,0,2,0,,1.8,9.9,19,33.4,18.6,20.2,10.6,14.9,11.3,15.6,14.2,5,0,10,0,0,20.4,35
2020/03/17,180,1,179,,5,2.4,23,1,0,0,22,2,4,0,,2.6,12.4,20.2,37.8,22.9,22.7,11.9,14.9,11.3,17.8,16.4,5,1,8,0,9,23.1,36
2020/03/18,196,2,194,,4,3,16,0,0,0,16,0,3,0,,2.6,14.2,22.7,39.3,25.8,24.4,13.2,14.9,11.3,18.9,18.2,3,0,8,0,5,23.9,37
2020/03/19,221,2,219,,1,2.7,25,0,0,0,25,4,7,0,,2.6,17.3,24,40.8,31.5,27.8,17.2,17.9,11.3,22,19.9,5,0,10,0,10,26.1,38
2020/03/20,243,2,241,,2,2.9,22,1,0,1,20,3,10,1,,2.6,19.2,27.2,43.8,32.9,30.3,21.1,23.9,11.3,24.3,21.8,7,3,5,0,7,26.8,39
2020/03/21,263,2,261,,4,2.9,20,0,0,2,18,3,10,1,,2.6,19.2,30.3,44.5,35.8,31.1,27.7,35.8,11.3,25.7,24.2,5,2,10,0,3,26.3,40
2020/03/22,289,2,287,,7,3.3,26,0,0,1,25,3,13,5,0.9,2.6,19.2,32.9,46.7,40.1,34.5,35.6,41.7,11.3,28.4,26.4,11,1,7,0,7,26.9,41
2020/03/23,310,2,308,,9,4.6,21,1,0,0,20,4,17,5,0.9,2.6,19.2,34.1,50.4,43.6,41.2,35.6,41.7,22.6,30.3,28.5,5,1,11,0,4,26.8,42
2020/03/24,328,3,324,1,8,5,18,1,0,3,14,3,20,7,0.9,2.6,22.9,36,51.9,44.4,42,40.9,44.7,22.6,31.5,30.7,6,4,3,0,5,27.5,43
2020/03/25,351,3,347,1,8,5.6,23,0,0,1,22,4,23,8,0.9,3.5,26,38.5,53.4,47.2,44.6,42.2,50.7,33.9,33.8,32.8,11,1,3,0,8,28.6,44
2020/03/26,365,7,357,1,19,8.1,14,1,0,3,10,2,25,7,0.9,3.5,26,40.4,54.9,51.5,44.6,43.5,53.7,45.2,35.2,34.1,6,4,1,0,3,28.6,45
2020/03/27,382,16,365,1,27,11.7,17,3,0,2,12,5,26,9,0.9,4.4,29.1,41.1,57.9,54.4,45.4,44.9,53.7,45.2,36.7,35.8,4,5,1,0,7,29.8,46
2020/03/28,407,18,387,2,26,14.9,25,1,0,1,23,3,25,8,0.9,6.2,32.2,43.6,60.8,56.5,48.8,47.5,56.6,45.2,39.4,37.8,8,2,9,1,5,28.4,47
2020/03/29,426,25,399,2,11,15.4,19,5,0,4,10,7,31,8,0.9,6.2,34.7,46.8,61.6,57.9,51.3,50.1,62.6,45.2,40.2,40.6,2,9,1,0,7,28.2,48
2020/03/30,451,40,408,3,48,21,25,8,0,3,14,4,32,12,1.8,7.1,36.5,49.9,63,60.8,55.5,52.8,65.6,56.5,43.5,42.1,9,11,3,0,2,27.9,49
2020/03/31,468,60,405,3,51,27.1,17,2,0,3,12,6,34,13,2.7,7.1,38.4,51.2,63.8,63.7,57.2,54.1,71.6,67.8,45.4,43.4,7,5,1,0,4,26.7,50
2020/04/01,495,84,408,3,37,31.3,27,6,1,4,16,3,33,15,2.7,7.9,41.5,55,65.3,68.7,58.9,59.4,71.6,67.8,47.7,46.2,8,10,2,0,7,26.4,51
2020/04/02,512,102,404,6,32,33.1,17,5,1,4,7,6,34,14,3.6,7.9,43.3,55.6,67.5,70.8,59.7,62,80.5,67.8,49.5,47.7,7,10,0,0,0,23.7,52
2020/04/03,540,124,410,6,26,33,28,3,1,4,20,5,37,14,3.6,7.9,46.4,58.1,72,73.7,63.1,66,83.5,79.1,51,51.4,9,9,3,0,7,23.2,53
2020/04/04,557,133,417,7,18,31.9,17,3,1,7,6,7,43,14,3.6,8.8,49.5,58.1,74.2,75.1,63.9,69.9,86.5,90.4,52,53.6,3,11,1,0,2,23.1,54
2020/04/05,584,148,428,8,40,36,27,4,2,8,13,4,43,13,4.5,10.6,51.4,60,80.1,76.5,64.8,73.9,95.4,101.7,54.3,56.4,11,14,0,0,2,21.4,55
2020/04/06,603,166,428,9,40,34.9,19,3,0,7,9,4,44,12,4.5,12.4,52.6,61.9,82.3,78.7,65.6,73.9,104.4,124.3,56.2,58.1,5,10,0,0,4,21.5,56
2020/04/07,626,191,426,9,25,31.1,23,2,0,11,10,4,45,14,5.5,13.2,53.9,61.9,85.3,81.6,67.3,75.2,122.2,146.9,58.1,60.5,8,12,0,0,3,20.5,57
2020/04/08,646,206,429,11,26,29.6,20,1,1,10,8,5,44,16,5.5,13.2,54.5,65.7,86.8,85.1,69.8,77.9,125.2,146.9,59.3,63.1,7,12,0,0,1,18.3,58
2020/04/09,682,234,437,11,25,28.6,36,1,2,20,13,6,47,16,6.4,15,56.3,66.3,92,88.7,74,80.5,137.1,214.7,61.8,67.4,8,23,1,0,4,17.4,59
2020/04/10,716,251,454,11,37,30.1,34,0,1,20,13,4,49,16,8.2,17.7,56.3,70.8,94.2,91.6,76.5,87.1,152.1,237.3,64.1,71.5,6,21,0,0,7,16.5,60
2020/04/11,760,265,484,11,31,32,44,0,2,34,8,6,54,19,8.2,17.7,59.4,72.7,96.4,95.9,82.4,88.4,190.8,305.2,66.8,77.1,6,36,0,0,2,14.7,61
2020/04/12,793,281,499,13,35,31.3,33,0,1,18,14,1,50,18,9.1,18.5,65,74.6,99.4,98,84.9,95,196.8,327.8,68.6,81.6,9,19,0,0,5,13.6,62
2020/04/13,817,295,506,16,16,27.9,24,0,0,19,5,3,52,20,9.1,18.5,67.5,75.2,101.6,100.9,89.1,96.3,214.7,327.8,70.5,84.2,4,19,0,0,1,13.4,63
2020/04/14,850,326,506,18,32,28.9,33,0,0,26,7,5,51,20,9.1,18.5,68.7,78.4,105.3,101.6,90.8,100.3,238.5,406.9,73.2,87.7,5,26,1,0,1,12,64
2020/04/15,879,351,504,24,60,33.7,29,2,0,18,9,4,51,16,10.9,19.4,71.2,80.9,107.6,103.7,94.2,102.9,247.5,440.8,76.1,90.3,6,20,0,0,3,10.9,65
2020/04/16,949,372,553,24,21,33.1,70,1,1,55,13,7,53,13,11.8,22.1,73.7,83.4,110.5,108,103.4,110.8,295.2,610.3,83.3,96.5,10,57,0,0,3,10.3,66
2020/04/17,981,398,557,26,73,38.3,32,0,0,26,6,0,49,13,11.8,23,77.4,84,112.7,110.9,107.6,112.2,310.1,678.1,85.4,100.4,5,26,0,0,1,8.8,67
2020/04/18,1021,411,579,31,31,38.3,40,0,0,31,9,1,46,11,11.8,23,78.6,87.2,115.7,118,112.7,117.4,330.9,700.7,87.5,105.8,7,32,0,0,1,8.2,68
2020/04/19,1038,421,582,35,38,38.7,17,0,0,13,4,5,47,15,11.8,23.8,80.5,88.5,117.9,120.2,113.5,117.4,336.9,723.3,88.1,108.4,3,13,0,0,1,8.1,69
2020/04/20,1099,442,618,39,16,38.7,61,1,0,47,13,3,45,13,11.8,23.8,82.4,91.6,126.8,125.2,117.7,128,369.7,836.3,93.9,114.2,8,48,1,0,4,7.5,70
2020/04/21,1135,457,631,47,51,41.4,36,0,0,26,10,2,43,11,11.8,24.7,83.6,93.5,129.1,130.9,121.9,133.3,381.6,904.2,96,118.8,8,26,0,0,2,7.1,71
2020/04/22,1176,475,647,54,35,37.9,41,1,0,31,9,4,45,9,12.7,24.7,83.6,99.2,132,137.4,124.5,135.9,396.5,994.6,98.9,123.7,6,32,0,0,3,7.2,72
2020/04/23,1221,502,662,57,50,42,45,0,0,35,10,5,48,11,12.7,25.6,85.4,104.9,135.7,140.2,131.2,137.2,411.4,1096.3,100.8,130.2,7,35,0,1,2,6.7,73
2020/04/24,1262,528,669,65,38,37,41,0,0,36,5,7,48,10,12.7,25.6,86.1,104.9,138,144.5,136.2,147.8,435.3,1198,103.5,135.2,3,36,0,0,2,5.7,74
2020/04/25,1363,544,741,78,53,40.1,101,0,0,95,6,4,48,9,12.7,26.5,88.5,111.8,143.9,146.7,151.4,167.6,491.9,1446.7,111.1,146.7,4,94,0,0,3,5.3,75
2020/04/26,1417,570,760,87,88,47.3,54,0,0,41,13,5,50,9,13.6,28.3,89.8,118.8,146.1,150.9,155.6,172.9,527.7,1537.1,114.6,153.4,11,40,0,0,3,4.8,76
2020/04/27,1478,599,784,95,87,57.4,61,0,0,54,7,8,56,11,14.5,30.9,92.3,123.2,148.4,156.7,161.5,180.8,569.5,1627.5,118.6,160.9,3,54,0,0,4,5,77
2020/04/28,1499,616,780,103,65,59.4,21,0,0,14,7,7,61,13,15.5,32.7,92.9,125.7,151.3,158.1,161.5,183.4,575.4,1661.4,119.4,164.1,4,14,1,0,2,5.2,78
2020/04/29,1524,644,769,111,29,58.6,25,0,0,17,8,7,62,13,15.5,32.7,93.5,129.5,153.5,161,167.3,183.4,575.4,1706.6,120.7,167.4,4,17,0,0,4,5.4,79
2020/04/30,1544,663,759,122,30,55.7,20,0,0,10,10,2,56,11,16.4,32.7,96.6,129.5,156.5,163.1,169,184.7,581.4,1729.2,122.5,169.5,6,10,0,0,4,6.1,80
2020/05/01,1567,690,742,135,42,56.3,23,0,0,16,7,6,57,11,17.3,33.6,99.7,130.8,159.5,164.5,169.9,186.1,593.3,1751.8,124.2,172.1,7,16,0,0,0,6,81
2020/05/02,1588,706,743,139,22,51.9,21,0,0,15,6,4,57,12,18.2,33.6,101.5,130.8,162.4,168.1,169.9,190,596.3,1797,125.9,174.3,5,15,0,0,1,6.2,82
2020/05/03,1607,735,724,148,23,42.6,19,0,0,13,6,3,52,12,19.1,34.4,102.2,132.1,164.7,168.8,171.6,191.3,611.2,1819.6,127.5,176.4,5,13,0,0,1,6.2,83
2020/05/04,1625,752,721,152,14,32.1,18,0,0,11,7,6,52,10,20,35.3,104,132.1,166.2,170.3,171.6,196.6,620.2,1842.2,128.7,178.6,5,11,0,0,2,6.3,84
2020/05/05,1650,773,721,156,29,27,25,0,0,24,1,3,50,9,20,36.2,104,132.7,167.6,171,171.6,204.5,644,1910,130.4,181.6,1,24,0,0,0,6,85
2020/05/06,1666,811,694,161,23,26.1,16,0,0,11,5,4,52,10,20,36.2,105.3,133.3,167.6,175.3,173.2,204.5,650,1943.9,131.7,183.2,2,11,0,0,3,6.3,86
2020/05/07,1689,850,672,167,32,26.4,23,0,0,16,7,6,54,10,20,36.2,105.9,135.2,171.3,177.4,175.8,205.9,664.9,1966.5,132.7,186.6,4,16,0,0,3,6.8,87
2020/05/08,1702,890,639,173,16,22.7,13,0,0,8,5,4,54,8,20.9,37.1,106.5,135.9,172.8,178.8,175.8,205.9,676.8,1977.8,133.7,188.1,2,9,0,0,2,7.3,88
2020/05/09,1719,917,623,179,12,21.3,17,0,0,12,5,5,51,6,20.9,37.1,108.4,136.5,173.6,180.3,176.6,211.1,682.8,2011.8,134.6,190.3,4,12,0,0,1,8.4,89
2020/05/10,1731,992,554,185,25,21.6,12,0,0,8,4,3,52,5,20.9,38,111.5,137.1,174.3,181,177.4,211.1,688.7,2011.8,135.4,191.8,1,8,1,0,2,9.2,90
2020/05/11,1751,1028,535,188,14,21.6,20,0,0,14,6,1,51,5,20.9,38,113.9,137.1,175.8,183.9,177.4,213.8,703.6,2045.7,136.8,194.2,2,14,0,1,3,10.3,91
2020/05/12,1774,1063,518,193,13,19.3,23,0,0,17,6,4,51,6,20.9,40.6,115.8,138.4,177.3,186,179.1,216.4,718.5,2057,138.3,197,5,17,0,0,1,9.8,92
2020/05/13,1795,1100,500,195,21,19,21,0,0,15,6,2,47,7,20.9,42.4,117,139.6,178.8,188.1,182.5,217.7,724.5,2090.9,139.9,199.4,4,15,0,0,2,9.2,93
2020/05/14,1809,1139,472,198,25,18,14,0,0,10,4,2,45,6,20.9,42.4,117.6,140.9,179.5,189.6,185,223,724.5,2102.2,141,200.9,1,10,0,0,3,9.1,94
2020/05/15,1829,1170,458,201,17,18.1,20,0,0,12,8,1,44,5,20.9,43.3,122,143.4,181.7,191.7,185,223,724.5,2124.8,142.2,203.5,8,12,0,0,0,9.2,95
2020/05/16,1845,1200,438,207,19,19.1,16,0,0,6,10,1,42,4,22.7,43.3,125.1,144.7,182.5,192.4,185,225.7,730.5,2136.1,143.1,205.6,6,6,1,0,3,10.1,96
2020/05/17,1857,1247,398,212,15,17.7,12,0,0,9,3,1,42,2,22.7,43.3,126.3,146,182.5,193.2,187.5,228.3,733.5,2147.4,144.3,206.7,2,9,0,0,1,10.4,97
2020/05/18,1872,1269,390,213,26,19.4,15,0,0,8,7,2,43,1,22.7,43.3,130.7,147.2,183.2,193.2,189.2,230.9,736.4,2147.4,144.9,208.9,5,8,0,0,2,10.5,98
2020/05/19,1884,1312,353,219,23,20.9,12,0,0,8,4,0,40,1,22.7,43.3,133.7,148.5,184,193.2,189.2,232.2,739.4,2170,146.2,209.9,4,8,0,0,0,11.1,99
2020/05/20,1899,1337,339,223,17,20.3,15,0,0,9,6,3,41,1,22.7,45,135,149.8,187.7,193.9,189.2,232.2,745.4,2181.3,147.2,211.7,4,9,0,0,2,10.7,100
2020/05/21,1907,1353,325,229,11,18.3,8,0,0,1,7,0,38,1,23.6,45.9,136.2,151,188.4,193.9,189.2,232.2,748.4,2181.3,147.6,212.9,5,1,0,0,2,11,101
2020/05/22,1914,1372,309,233,7,16.9,7,0,0,3,4,1,36,1,23.6,45.9,138.1,152.3,188.4,193.9,190.1,232.2,751.3,2181.3,148.4,213.4,2,3,0,0,2,11.3,102
2020/05/23,1923,1382,305,236,6,15,9,1,0,3,5,1,35,0,23.6,45.9,139.3,152.9,189.9,195.3,190.9,232.2,754.3,2181.3,148.7,214.7,3,4,0,0,2,12.3,103
2020/05/24,1933,1394,302,237,8,14,10,0,0,3,7,1,36,1,23.6,46.8,139.9,152.9,191.4,196,190.9,236.2,760.3,2181.3,149.7,215.6,5,3,0,1,1,11.9,104
2020/05/25,1948,1410,298,240,6,11.1,15,1,0,7,7,0,35,1,24.6,48.6,143,155.4,191.4,196,190.9,237.5,763.3,2192.6,150.1,218.1,6,8,0,0,1,11.2,105
2020/05/26,1954,1423,288,243,16,10.1,6,0,0,2,4,1,35,1,24.6,48.6,143,156.1,192.1,196.7,193.4,237.5,763.3,2192.6,150.7,218.6,2,2,1,0,1,12.2,106
2020/05/27,1959,1455,261,243,8,8.9,5,0,0,1,4,1,33,1,25.5,48.6,143,156.1,192.9,197.4,194.3,237.5,766.2,2192.6,150.9,219.4,2,1,0,0,2,13.4,107
2020/05/28,1963,1483,236,244,4,7.9,4,0,0,2,2,1,31,1,25.5,48.6,144.3,156.1,194.3,197.4,194.3,237.5,766.2,2192.6,151.3,219.7,1,3,0,0,0,12.3,108
2020/05/29,1970,1497,226,247,7,7.9,7,0,0,3,4,2,32,1,25.5,48.6,144.9,157.3,195.1,198.2,194.3,238.8,769.2,2192.6,152,220.3,3,3,0,0,1,14.2,109
2020/05/30,1973,1517,208,248,15,9.1,3,1,0,1,1,0,31,1,25.5,48.6,146.1,157.3,195.1,198.9,194.3,238.8,769.2,2192.6,152,220.9,0,2,0,0,1,14.1,110
2020/05/31,1977,1535,193,249,10,9.4,4,0,0,1,3,3,34,1,26.4,48.6,146.1,158,195.8,198.9,194.3,238.8,769.2,2203.9,152.2,221.4,2,1,0,0,1,15,111
2020/06/01,1988,1554,184,250,5,9.3,11,0,0,5,6,0,31,1,26.4,49.5,147.4,159.2,195.8,198.9,194.3,238.8,784.1,2215.2,153.4,222.4,5,5,0,0,1,14.7,112
2020/06/02,1991,1575,165,251,8,8.1,3,0,0,1,2,0,26,1,26.4,49.5,147.4,160.5,196.6,198.9,194.3,238.8,784.1,2215.2,153.6,222.7,1,1,0,0,1,16.8,113
2020/06/03,2001,1594,156,251,8,8.1,10,0,0,7,3,0,22,0,26.4,49.5,148,161.1,196.6,199.6,195.9,238.8,793.1,2237.8,154.5,223.7,1,7,0,0,2,17.6,114
2020/06/04,2008,1608,146,254,8,8.7,7,0,0,2,5,0,20,0,26.4,52.1,148.6,161.8,197.3,199.6,195.9,238.8,793.1,2249.1,155.5,224,2,2,0,0,3,18.8,115
2020/06/05,2012,1619,137,256,15,9.9,4,0,0,1,3,1,21,0,26.4,52.1,149.2,161.8,197.3,201,195.9,238.8,796.1,2249.1,156.1,224.2,2,1,0,0,1,18.4,116
2020/06/06,2015,1630,128,257,2,8,3,0,0,0,3,0,21,0,26.4,52.1,149.2,162.4,197.3,202.5,195.9,238.8,796.1,2249.1,156.3,224.6,2,1,0,0,0,17.4,117
2020/06/07,2016,1640,118,258,4,7.1,1,0,0,0,1,0,20,0,26.4,52.1,149.2,163,197.3,202.5,195.9,238.8,796.1,2249.1,156.5,224.6,0,0,0,0,1,19.3,118
2020/06/08,2019,1651,110,258,,6.4,3,0,0,0,3,0,19,0,26.4,52.1,149.2,163,198.8,202.5,196.8,238.8,796.1,2249.1,156.9,224.8,2,0,1,0,0,21.1,119
2020/06/09,2029,1663,107,259,3,5.7,10,0,0,3,7,0,18,0,27.3,52.1,152.3,164.3,198.8,203.2,197.6,238.8,796.1,2249.1,158.4,225.1,3,3,0,0,4,24,120
2020/06/10,2039,1675,105,259,7,5.6,10,0,0,4,6,0,17,0,27.3,52.1,154.2,165.6,199.5,205.3,198.5,238.8,796.1,2249.1,159.6,225.9,5,4,0,0,1,21.2,121
2020/06/11,2046,1682,104,260,5,5.1,7,0,0,2,5,0,16,0,28.2,52.1,154.8,166.2,199.5,206.7,198.5,240.2,796.1,2260.4,160.3,226.4,3,2,0,0,2,22.9,122
2020/06/12,2050,1683,107,260,10,4.4,4,0,0,2,2,0,16,0,28.2,52.1,155.4,166.2,200.3,208.2,198.5,240.2,796.1,2260.4,160.3,227.2,1,2,0,0,1,23.8,123
2020/06/13,2053,1688,105,260,6,5,3,0,0,3,,0,16,0,28.2,52.1,155.4,166.8,201.8,208.2,198.5,240.2,796.1,2260.4,160.5,227.6,0,3,0,0,0,22.5,124
2020/06/14,2056,1694,102,260,1,4.6,3,0,0,1,2,0,16,0,28.2,52.1,155.4,166.8,201.8,209.6,199.3,240.2,796.1,2260.4,160.9,227.8,0,1,1,0,1,22.8,125
2020/06/15,2061,1701,100,260,2,4.9,5,0,0,2,3,0,14,0,29.1,52.1,156,166.8,204,209.6,199.3,240.2,796.1,2260.4,161.3,228.3,2,3,0,0,0,23.3,126
2020/06/16,2065,1706,99,260,3,4.9,4,0,0,1,3,1,14,0,29.1,53,156,168.1,204,209.6,200.1,240.2,796.1,2260.4,161.7,228.7,1,1,1,0,1,23,127
2020/06/17,2068,1719,89,260,8,5,3,0,0,0,3,1,6,1,29.1,53,157.9,168.1,204,209.6,200.1,240.2,796.1,2260.4,161.9,229.1,2,0,1,0,0,22.4,128
2020/06/18,2070,1735,75,260,2,4.6,2,0,0,0,2,0,6,1,29.1,53,157.9,169.3,204,209.6,200.1,240.2,796.1,2260.4,162.1,229.2,0,0,0,0,2,22.6,129
2020/06/19,2073,1740,73,260,5,3.9,3,0,0,0,3,0,5,1,29.1,53,159.1,170,204,209.6,200.1,240.2,796.1,2260.4,162.3,229.6,2,0,0,0,1,23,130
2020/06/20,2079,1745,73,261,1,3.1,6,0,0,0,6,1,5,1,29.1,53.9,161,170,204,210.3,200.1,241.5,796.1,2260.4,163.2,229.8,4,0,0,0,2,25,131
2020/06/21,2085,1747,77,261,1,3.1,6,0,0,0,6,0,4,1,29.1,56.5,161,170.6,204,211.8,200.1,241.5,796.1,2260.4,163.8,230.4,4,0,0,0,2,24.6,132
2020/06/22,2087,1749,76,262,6,3.7,2,0,0,1,1,0,1,1,29.1,56.5,161.6,171.2,204,211.8,200.1,241.5,796.1,2260.4,164,230.5,0,1,0,0,1,26.5,133
2020/06/23,2096,1753,81,262,4,3.9,9,0,0,0,9,0,1,1,29.1,57.4,162.9,172.5,205.5,211.8,200.1,242.8,799,2260.4,165.2,231.1,2,0,1,0,6,29.9,134
2020/06/24,2098,1760,75,263,3,3.1,2,0,0,0,2,1,2,1,29.1,57.4,163.5,172.5,206.2,211.8,200.1,242.8,799,2260.4,165.6,231.1,2,0,0,0,0,32.2,135
2020/06/25,2104,1768,73,263,6,3.7,6,0,0,0,6,0,2,1,30,58.3,164.1,173.8,207,211.8,200.1,242.8,799,2260.4,165.7,232,2,0,1,0,3,34.5,136
2020/06/26,2108,1778,67,263,6,3.9,4,0,0,0,4,0,2,1,30,58.3,164.7,175,207,212.5,200.1,242.8,799,2260.4,165.9,232.6,2,0,0,0,2,36.2,137
2020/06/27,2111,1779,69,263,3,4.1,3,0,0,0,3,0,1,1,30,58.3,165.9,175.7,207,212.5,200.1,242.8,799,2260.4,166.1,233,1,0,0,0,2,39.7,138
2020/06/28,2113,1782,68,263,2,4.3,2,0,0,0,2,0,1,1,30,59.2,165.9,175.7,207,212.5,200.1,242.8,799,2271.7,166.1,233.3,1,0,0,0,1,40.4,139
2020/06/29,2117,1785,69,263,1,3.6,4,0,0,0,4,2,3,1,30,59.2,167.2,175.7,207.7,213.2,200.1,242.8,799,2271.7,166.5,233.7,3,0,0,0,1,42.9,140
2020/06/30,2120,1789,68,263,10,4.4,3,0,0,0,3,0,3,1,30,60,167.8,175.7,207.7,213.9,200.1,242.8,799,2271.7,166.5,234.3,2,0,0,0,1,43.6,141
2020/07/01,2122,1792,67,263,4,4.6,2,0,0,0,2,0,3,2,30,60.9,167.8,175.7,207.7,214.6,200.1,242.8,799,2271.7,166.5,234.6,2,0,0,0,0,44.4,142
2020/07/02,2128,1799,66,263,4,4.3,6,0,0,1,5,0,3,1,30,61.8,169.7,176.3,207.7,214.6,201,242.8,799,2271.7,167.1,235.2,3,1,0,0,2,41.4,143
2020/07/03,2136,1799,74,263,4,4,8,0,0,0,8,0,3,1,30,62.7,171.5,176.9,209.2,214.6,201,242.8,802,2271.7,168.3,235.6,4,0,0,0,4,42.9,144
2020/07/04,2139,1802,74,263,4,4.1,3,0,0,0,3,0,3,1,30,62.7,172.1,177.6,209.9,214.6,201,242.8,802,2271.7,168.6,235.8,0,0,1,0,2,45,145
2020/07/05,2141,1807,71,263,5,4.6,2,0,0,0,2,0,2,1,30,62.7,172.8,177.6,210.7,214.6,201,242.8,802,2271.7,168.6,236.1,1,0,0,0,1,46.4,146
2020/07/06,2147,1813,71,263,,4.4,6,0,0,1,5,0,2,1,30.9,64.5,174,177.6,211.4,214.6,201,242.8,802,2271.7,169.2,236.7,2,1,0,0,3,46.7,147
2020/07/07,2154,1819,72,263,6,3.9,7,0,0,1,6,0,1,1,30.9,65.3,176.5,177.6,212.1,215.3,201,242.8,802,2271.7,169.6,237.6,4,1,0,0,2,41.4,148
2020/07/08,2167,1826,78,263,5,4,13,0,0,1,12,0,1,1,33.6,65.3,177.7,178.2,213.6,217.5,201.8,244.1,802,2271.7,171.2,238.6,6,2,0,0,5,42,149
2020/07/09,2175,1830,82,263,5,4.1,8,0,0,0,8,1,2,0,33.6,66.2,178.9,179.5,213.6,219.6,201.8,244.1,802,2271.7,172.1,239.1,6,0,0,0,2,39.4,150
2020/07/10,2191,1833,95,263,12,5.3,16,0,0,0,16,0,2,0,33.6,67.1,180.8,183.2,213.6,221.8,203.5,245.4,802,2271.7,173.1,241.2,10,0,0,0,6,38.6,151
2020/07/11,2198,1835,100,263,7,5.7,7,0,0,0,7,1,2,1,33.6,68.9,180.8,184.5,214.4,223.2,203.5,245.4,802,2271.7,173.7,241.9,4,0,0,0,3,37.9,152
2020/07/12,2221,1838,120,263,9,6.3,23,0,0,2,21,1,3,1,35.5,69.8,187.6,185.8,215.9,225.3,204.4,246.8,802,2271.7,175.2,244.7,15,2,0,0,6,35.2,153
2020/07/13,2244,1843,138,263,6,7.1,23,0,0,2,21,0,3,0,35.5,70.6,195,187.7,217.3,226.8,206.9,246.8,802,2271.7,176.6,247.7,15,2,1,0,5,33.1,154
2020/07/14,2263,1852,148,263,4,6.9,19,0,0,2,17,1,4,0,37.3,72.4,199.4,188.3,220.3,227.5,207.7,248.1,802,2271.7,179.5,248.4,10,2,1,0,6,32.9,155
2020/07/15,2284,1853,168,263,15,8.3,21,0,0,0,21,1,5,0,38.2,75.1,205,189.6,222.5,229.6,207.7,248.1,802,2271.7,180.6,251.2,13,0,0,1,7,33.3,156
2020/07/16,2306,1857,186,263,7,8.6,22,0,0,1,21,0,5,0,40,76.8,208.7,190.2,225.5,233.9,207.7,248.1,805,2271.7,181.6,254.4,14,1,0,0,7,33.1,157
2020/07/17,2336,1860,213,263,17,9.3,30,0,1,0,29,0,5,1,43.6,83,213.6,190.8,227.7,237.5,207.7,249.4,808,2271.7,182.7,258.9,15,1,1,0,13,34,158
2020/07/18,2362,1867,232,263,16,10.6,26,0,2,0,24,2,6,1,43.6,89.2,216.1,194.6,232.2,238.9,208.6,249.4,808,2271.7,185.3,261.3,20,2,0,0,4,31.4,159
2020/07/19,2380,1867,250,263,28,13.3,18,0,0,0,18,0,6,1,43.6,92.7,221.1,196.5,233.7,239.7,208.6,249.4,808,2271.7,186.8,263.1,12,0,2,0,4,30.5,160
2020/07/20,2410,1872,275,263,47,19.1,30,0,3,0,27,2,8,3,47.3,97.1,225.4,197.8,239.6,241.1,210.2,249.4,808,2271.7,188.2,267.4,16,3,1,0,10,30.4,161
2020/07/21,2434,1877,294,263,23,21.9,24,0,1,0,23,0,8,3,49.1,101.6,229.7,199.7,242.6,242.5,211.1,249.4,808,2271.7,190.3,269.8,17,1,1,0,5,29.6,162
2020/07/22,2461,1884,314,263,13,21.6,27,0,3,1,23,2,9,3,54.6,105.1,233.4,202.8,244,243.9,212.8,249.4,808,2271.7,192.2,273,17,4,0,0,6,28.6,163
2020/07/23,2480,1895,322,263,29,24.7,19,0,1,1,17,1,10,3,56.4,107.7,235.9,206,244,246.1,214.4,249.4,808,2271.7,194.3,274.5,10,2,1,0,6,28.9,164
2020/07/24,2503,1903,337,263,34,27.1,23,0,4,1,18,0,7,3,59.1,113.9,239,208.5,245.5,246.1,216.1,249.4,808,2271.7,195.5,277.7,15,5,0,0,3,27.2,165
2020/07/25,2515,1916,336,263,26,28.6,12,0,1,1,10,0,7,3,61.8,113.9,240.9,209.2,247,248.2,216.1,249.4,808,2271.7,196.8,278.6,6,2,0,0,4,27.1,166
2020/07/26,2522,1921,338,263,21,27.6,7,0,1,0,6,2,9,4,62.7,114.8,240.9,209.8,247.7,248.2,218.6,249.4,808,2271.7,197.4,279.3,3,1,1,0,2,27.2,167
2020/07/27,2537,1933,340,264,22,24,15,0,1,1,13,1,9,4,62.7,114.8,245.8,211,247.7,249,220.3,250.7,811,2271.7,198.8,280.8,7,2,2,0,4,27.6,168
2020/07/28,2557,1963,330,264,14,22.7,20,0,1,2,17,1,10,4,64.6,118.3,248.9,213.6,249.2,250.4,220.3,250.7,811,2283,200.7,282.7,11,3,1,0,5,27.2,169
2020/07/29,2573,1985,324,264,20,23.7,16,2,0,2,12,2,11,4,66.4,119.2,250.8,216.7,250,251.1,221.2,252,814,2283,202.4,284,8,4,0,0,4,26.6,170
2020/07/30,2593,1995,334,264,19,22.3,20,1,1,0,18,1,12,4,67.3,124.5,254.5,218,250,251.8,222,254.7,816.9,2283,205.2,285.1,9,3,1,0,7,26.8,171
2020/07/31,2603,2018,321,264,18,20,10,0,0,1,9,1,13,3,69.1,125.4,255.7,219.9,250,252.5,222.9,254.7,816.9,2283,206.3,285.9,3,1,1,0,5,25.8,172
2020/08/01,2621,2048,309,264,15,18.4,18,0,0,0,18,1,13,2,70.9,128,259.4,221.8,250.7,254,223.7,254.7,816.9,2283,208.8,286.8,7,0,0,0,11,29.3,173
2020/08/02,2629,2071,294,264,2,15.7,8,0,0,0,8,0,13,2,70.9,128.9,260.7,223.7,250.7,255.4,223.7,254.7,816.9,2283,209.6,287.5,4,0,0,0,4,30.5,174
2020/08/03,2638,2094,280,264,10,14,9,0,1,1,7,0,12,1,72.7,130.7,260.7,224.9,251.5,256.1,223.7,256,816.9,2283,210.6,288.3,3,2,0,0,4,30.7,175
2020/08/04,2650,2118,268,264,20,14.9,12,0,0,1,11,1,11,1,74.6,134.2,261.3,226.2,252.2,256.8,224.5,256,816.9,2283,211.1,290,8,1,0,0,3,31.5,176
2020/08/05,2659,2147,248,264,12,13.7,9,1,0,0,8,1,12,1,74.6,136,262.5,228.7,252.2,257.5,224.5,256,816.9,2283,212.5,290.3,4,0,1,1,3,32.8,177
2020/08/06,2669,2181,224,264,13,12.9,10,0,0,0,10,1,10,2,78.2,136,263.2,230,252.9,259,224.5,256,816.9,2283,213.5,291.3,3,0,1,0,6,34.4,178
2020/08/07,2681,2192,225,264,6,11.1,12,0,0,3,9,1,10,2,80,139.5,265,230,252.9,259,226.2,257.3,816.9,2283,213.7,293.3,4,3,0,1,4,37.1,179
2020/08/08,2687,2215,208,264,14,11,6,1,0,1,4,0,10,1,81.8,139.5,266.3,230,253.7,259.7,226.2,257.3,816.9,2283,214,294,4,1,0,0,1,36.6,180
2020/08/09,2689,2226,199,264,16,13,2,0,0,1,1,2,12,2,81.8,139.5,266.3,230.6,253.7,260.4,226.2,257.3,816.9,2283,214.2,294.2,0,1,0,0,1,37.1,181
2020/08/10,2701,2237,200,264,8,12.7,12,2,0,0,10,0,12,1,81.8,139.5,268.7,232.5,255.2,261.1,227.1,258.6,816.9,2283,215.2,295.5,7,2,1,0,2,36.6,182
2020/08/11,2714,2246,204,264,8,11,13,2,0,1,10,0,12,1,83.7,142.2,270.6,232.5,255.9,263.3,227.1,260,816.9,2283,216.4,296.8,9,3,0,0,1,35.7,183
2020/08/12,2721,2270,187,264,12,11,7,3,0,0,4,0,10,2,83.7,143.1,270.6,234.4,257.4,264,227.1,260,816.9,2283,217.3,297.2,3,3,0,0,1,35.8,184
2020/08/13,2743,2289,190,264,11,10.7,22,0,0,0,22,0,9,2,89.1,148.4,275.5,235.7,257.4,264,227.1,260,816.9,2283,220,298.7,18,0,2,0,2,32,185
2020/08/14,2754,2305,185,264,6,10.7,11,4,0,1,6,1,10,2,89.1,150.1,277.4,236.3,258.9,265.4,227.9,260,816.9,2283,221.2,299.6,4,5,1,0,1,29.1,186
2020/08/15,2758,2317,177,264,2,9,4,0,0,0,4,1,11,2,90,150.1,278,237,258.9,266.1,227.9,260,816.9,2283,221.6,300,3,0,0,0,1,24.8,187
2020/08/16,2762,2340,158,264,26,10.4,4,0,0,1,3,0,11,2,90,150.1,279.9,237,258.9,266.1,227.9,260,816.9,2294.3,222,300.4,1,1,1,0,1,23.3,188
2020/08/17,2785,2348,172,265,8,10.4,23,1,0,4,18,1,9,1,90.9,153.7,284.8,238.8,258.9,269,230.4,260,816.9,2294.3,224.1,302.6,16,5,1,0,1,19,189
2020/08/18,2811,2355,191,265,15,11.4,26,1,0,1,24,0,7,1,91.8,159,288.5,240.1,260.4,273.3,232.1,260,816.9,2305.6,227.8,303.9,11,2,2,0,11,22.4,190
2020/08/19,2835,2370,200,265,23,13,24,4,2,3,15,2,7,1,97.3,161.6,289.8,242.6,261.1,276.1,234.6,261.3,816.9,2305.6,229.7,306.5,11,9,0,1,3,20.5,191
2020/08/20,2852,2378,208,266,24,14.9,17,1,0,0,16,3,6,0,98.2,164.2,293.5,244.5,262.6,277.6,234.6,261.3,816.9,2305.6,230.6,308.8,9,1,3,0,4,18.6,192
2020/08/21,2873,2392,215,266,16,16.3,21,3,0,2,16,0,6,0,99.1,166.9,295.4,249,264.8,279,235.5,261.3,819.9,2305.6,232.2,311.2,11,5,1,0,4,17.7,193
2020/08/22,2892,2401,225,266,16,18.3,19,1,0,0,18,1,7,0,100,171.3,299.7,249,266.3,281.1,236.3,261.3,819.9,2305.6,234.7,312.3,12,1,0,0,6,19,194
2020/08/23,2909,2408,235,266,13,16.4,17,0,1,1,15,0,7,0,100.9,174.8,302.8,249.6,268.5,281.9,236.3,262.6,819.9,2316.9,236.4,313.8,8,1,1,0,7,20.5,195
2020/08/24,2928,2411,251,266,19,18,19,2,0,0,17,1,8,1,101.8,179.3,306.5,251.5,269.3,282.6,236.3,265.2,819.9,2316.9,238.2,315.6,9,1,1,0,8,22.5,196
2020/08/25,2942,2423,253,266,23,19.1,14,0,0,1,13,4,11,2,102.8,181,307.1,253.4,270.7,284.7,237.1,266.6,819.9,2316.9,240.5,316,4,1,1,0,8,25.4,197
2020/08/26,2960,2433,261,266,15,18,18,1,0,4,13,0,11,2,102.8,181.9,311.5,255.3,273,286.2,238,266.6,819.9,2328.2,242.2,317.7,7,5,0,0,6,26.4,198
2020/08/27,2973,2443,264,266,16,16.9,13,1,0,3,9,1,9,2,102.8,186.3,313.9,255.3,274.5,286.2,238.8,267.9,819.9,2328.2,243.4,319,8,4,0,0,1,27,199
2020/08/28,3001,2461,274,266,20,17.4,28,0,4,3,21,1,9,1,105.5,189.9,318.9,255.9,278.9,289,240.5,267.9,819.9,2328.2,246.5,321.2,17,6,0,1,4,26.3,200
2020/08/29,3022,2468,288,266,12,16.9,21,0,1,2,18,0,9,1,106.4,192.5,321.4,257.8,282.6,289,243,270.5,819.9,2328.2,248.8,322.9,9,3,4,0,5,26.1,201
2020/08/30,3042,2473,302,267,16,17.3,20,0,2,6,12,2,10,1,108.2,194.3,323.8,259.7,283.4,290.4,244.7,271.8,822.9,2350.8,250,325.5,11,7,0,0,2,25,202
2020/08/31,3062,2484,311,267,13,16.4,20,1,0,3,16,1,11,1,109.1,196,326.3,261.6,286.3,291.9,247.2,273.2,822.9,2350.8,251.9,327.4,10,4,2,0,4,26.4,203
2020/09/01,3087,2505,315,267,18,15.7,25,1,0,2,22,0,11,1,111.8,199.6,331.3,262.2,289.3,291.9,250.6,273.2,825.9,2350.8,254.4,329.6,13,3,2,0,7,25,204
2020/09/02,3123,2531,325,267,15,15.7,36,1,0,9,26,0,9,1,114.6,206.6,336.8,264.8,292.3,292.6,251.4,274.5,837.8,2362.1,258.1,332.8,20,10,2,0,4,24.3,205
2020/09/03,3145,2552,326,267,24,16.9,22,1,0,4,17,1,8,1,116.4,207.5,339.9,266,296,294.7,251.4,275.8,843.8,2373.4,259.4,335.6,9,4,3,0,6,24.6,206
2020/09/04,3167,2570,330,267,24,17.4,22,0,0,3,19,3,11,1,119.1,209.3,342.4,267.9,298.9,295.5,252.3,281.1,843.8,2373.4,261.8,337.4,14,3,1,0,4,24.5,207
2020/09/05,3192,2588,337,267,17,18.1,25,1,0,11,13,2,13,1,119.1,210.2,346.8,271.7,298.9,295.5,254,286.4,855.7,2384.7,263.9,340,7,12,1,0,5,23.7,208
2020/09/06,3213,2607,339,267,26,19.6,21,1,1,3,16,1,14,1,120,211.9,351.7,273.6,299.7,297.6,255.6,286.4,858.7,2384.7,264.8,343,11,4,1,1,4,22.4,209
2020/09/07,3254,2623,364,267,29,21.9,41,2,0,6,33,0,12,1,120.9,218.1,357.3,276.8,306.3,301.2,258.2,286.4,864.6,2384.7,269.1,346.6,23,7,1,0,10,21.5,210
2020/09/08,3306,2638,401,267,24,22.7,52,0,2,14,36,3,14,1,123.7,224.3,365.3,279.9,310.8,302.6,265.7,291.6,873.6,2384.7,273.9,351.6,25,14,1,0,12,20.3,211
2020/09/09,3351,2652,432,267,15,22.7,45,2,2,10,31,0,13,1,125.5,230.5,375.2,283.1,316.7,304,267.4,294.3,876.6,2384.7,277.8,356.2,20,14,2,1,8,19.4,212
2020/09/10,3428,2667,494,267,33,24,77,1,3,21,52,2,14,2,127.3,241.1,385.1,290,321.9,309.8,274.2,304.8,882.5,2418.6,285.5,363.1,35,24,1,0,17,20.2,213
2020/09/11,3458,2683,508,267,60,29.1,30,0,4,1,25,0,12,1,132.8,244.6,390.7,293.2,322.7,311.9,275.8,304.8,882.5,2418.6,288.4,365.9,16,5,2,0,7,20.8,214
2020/09/12,3507,2705,533,269,47,33.4,49,0,3,4,42,1,12,0,135.5,247.3,403.1,301.4,324.9,314.8,277.5,304.8,882.5,2429.9,293.4,370.2,27,7,0,0,15,21.6,215
2020/09/13,3542,2726,546,270,31,34.1,35,1,0,5,29,1,11,1,139.1,249.9,409.3,305.2,327.9,316.9,280,306.1,885.5,2429.9,296.3,373.9,15,6,2,1,11,22.8,216
2020/09/14,3610,2742,596,272,59,38.4,68,0,0,19,49,1,11,1,143.7,259.6,419.2,312.1,336,322.6,280,311.4,891.5,2429.9,302.1,381,29,20,1,1,17,23.2,217
2020/09/15,3683,2765,645,273,41,40.9,73,0,3,15,55,1,11,1,150.9,266.7,432.2,314.7,342.7,327.6,283.4,319.3,900.4,2463.8,308.7,388.3,35,18,1,1,18,23.2,218
2020/09/16,3760,2801,685,274,41,44.6,77,0,3,7,67,1,11,0,160,274.6,448.9,322.9,347.9,331.2,285.9,319.3,909.4,2463.8,315.6,395.9,36,9,3,0,29,25.6,219
2020/09/17,3810,2822,710,278,57,48,50,2,6,4,38,2,11,2,164.6,286.1,458.2,325.4,350.9,334.1,287.6,322,912.3,2463.8,318.9,402.1,22,12,0,0,16,26,220
2020/09/18,3898,2842,778,278,47,46.1,88,1,3,6,78,0,11,2,178.2,294.9,473.7,332.4,359.8,337.7,293.5,323.3,915.3,2475.1,326.7,411,53,8,2,4,21,26,221
2020/09/19,3968,2859,829,280,47,46.1,70,2,4,4,60,0,10,2,186.4,303.8,488.6,338.7,367.2,341.2,294.3,324.6,915.3,2475.1,334.2,416.8,40,10,2,0,18,26.2,222
2020/09/20,4011,2870,861,280,76,52.6,43,1,4,4,34,2,11,2,191,310,497.2,343.1,370.9,343.4,294.3,325.9,915.3,2486.4,338.1,421.1,16,9,1,2,15,26.8,223
2020/09/21,4120,2899,941,280,55,52,109,2,3,22,82,1,12,3,200,320.5,517.7,355.1,384.2,350.5,296.9,325.9,921.3,2509,348.3,431.5,48,27,2,5,27,26.7,224
2020/09/22,4229,2929,1020,280,85,58.3,109,0,1,27,81,3,15,3,210.1,328.5,540.6,365.9,393.9,358.4,301.1,331.2,927.3,2509,357,443.4,42,29,0,4,34,27.4,225
2020/09/23,4335,2975,1079,281,67,62,106,0,5,26,75,2,16,3,221,342.6,556,372.2,402.8,367.7,307.8,336.5,942.2,2520.3,367.8,452.7,46,30,2,2,26,27.5,226
2020/09/24,4436,3022,1132,282,38,59.3,101,2,6,18,75,2,18,3,231,353.2,573.4,381,410.9,373.4,315.4,341.8,948.1,2542.9,377.1,462.6,49,22,0,1,29,28.1,227
2020/09/25,4555,3076,1195,284,57,60.7,119,5,12,16,86,3,20,3,241.9,367.4,595.7,390.5,421.3,382,318.7,344.4,966,2565.6,389.1,473.2,58,29,3,0,29,27.8,228
2020/09/26,4640,3112,1242,286,76,64.9,85,3,2,14,66,3,21,4,243.7,377.1,614.2,396.8,430.2,388.5,323.8,349.7,969,2565.6,396.4,481.9,48,18,0,3,16,27,229
2020/09/27,4722,3163,1272,287,109,69.6,82,2,4,12,64,2,22,4,249.2,385,631,405,436.9,394.2,327.1,352.3,972,2599.5,402.8,491.1,42,14,1,1,24,27,230
2020/09/28,4837,3207,1342,288,86,74,115,3,4,11,97,6,27,4,256.4,402.7,650.8,415.8,447.3,400.6,333.9,355,977.9,2633.4,414.9,500.8,64,17,3,4,27,26.8,231
2020/09/29,4944,3280,1373,291,58,70.1,107,5,10,18,74,4,27,3,261.9,412.4,671.2,422.1,462.1,407.8,343.9,357.6,980.9,2656,425,511,57,24,1,1,24,26.6,232
2020/09/30,5027,3334,1402,291,107,75.9,83,1,5,10,67,5,30,5,266.4,422.1,681.7,430.9,468.8,417.8,349.8,361.6,989.9,2656,430.4,521.2,48,21,2,1,11,25,233
2020/10/01,5128,3397,1438,293,105,85.4,101,2,10,11,78,3,29,5,273.7,438.9,694.1,439.2,477.7,427.8,355.7,366.8,998.8,2667.3,438.7,531.9,53,24,1,3,20,24.4,234
2020/10/02,5224,3442,1488,294,115,93.7,96,0,4,13,79,1,29,5,283.7,444.2,711.5,446.7,488.8,435.7,359.9,373.4,1004.8,2678.6,446.6,542.1,48,23,0,2,23,24.4,235
2020/10/03,5297,3501,1501,295,65,92.1,73,2,1,6,64,5,31,6,285.5,445.9,726.9,455,494,444.3,365,380,1004.8,2689.9,454.3,548.2,40,15,0,2,16,24.2,236
2020/10/04,5354,3577,1482,295,77,87.6,57,1,2,7,47,3,32,6,288.3,451.2,738.1,458.1,500.7,449.3,368.3,382.7,1007.8,2712.5,459.8,553.6,37,11,0,0,9,23.5,237
2020/10/05,5432,3654,1483,295,82,87,78,3,3,13,59,3,33,6,291,461.8,749.9,466.3,508.8,454.3,373.4,384,1016.7,2746.4,465.9,562.2,33,20,5,1,19,23.4,238
2020/10/06,5508,3756,1456,296,139,98.6,76,5,3,15,53,2,34,7,298.3,468.9,759.8,473.3,514.8,460,378.4,388,1028.6,2791.6,473.1,569.5,35,25,0,0,16,22.6,239
2020/10/07,5609,3843,1470,296,174,108.1,101,12,4,22,63,3,36,10,305.5,489.2,772.8,480.2,524.4,464.3,382.6,393.2,1046.5,2836.8,482.2,579.5,52,29,1,0,19,22.1,240
2020/10/08,5689,3964,1429,296,85,105.3,80,5,6,14,55,2,36,9,312.8,506,780.2,485.9,531.1,469.3,387.7,397.2,1058.4,2870.7,491,585.9,43,23,0,1,13,21.2,241
2020/10/09,5772,4046,1430,296,97,102.7,83,5,2,19,57,2,37,9,320.1,515.7,787,492.2,544.4,477.9,392.7,397.2,1079.3,2870.7,499.4,593.3,34,31,1,1,16,20.8,242
2020/10/10,5837,4125,1415,297,68,103.1,65,5,2,7,51,6,43,9,326.4,522.8,793.8,497.3,554.8,482.2,398.6,398.5,1085.3,2882,504.4,600.6,33,15,1,0,16,21.1,243
2020/10/11,5901,4224,1380,297,139,112,64,6,4,6,48,5,46,10,330.1,536.9,801.9,503,560.8,486.5,401.1,405.1,1085.3,2882,510.8,606.3,33,19,0,2,10,20.3,244
2020/10/12,5963,4314,1352,297,62,109.1,62,2,3,14,43,3,46,10,335.5,543.1,812.4,505.5,568.2,492.9,405.3,407.8,1085.3,2904.6,515.8,613,29,17,1,1,14,20.1,245
2020/10/13,6048,4376,1374,298,74,99.9,85,4,3,10,68,1,45,7,344.6,558.1,824.2,509.9,579.3,500.8,407.9,410.4,1085.3,2915.9,524.1,620.9,49,16,3,1,16,19.7,246
2020/10/14,6115,4436,1379,300,84,87,67,1,1,16,49,2,45,7,348.3,566.9,829.7,516.9,586.7,508.6,410.4,418.3,1091.2,2927.2,529.5,628.1,34,15,1,0,17,20.6,247
2020/10/15,6201,4496,1405,300,107,90.1,86,3,6,25,52,5,49,8,352.8,582.8,837.2,523.2,594.9,521.5,414.6,422.3,1103.2,2927.2,537.4,636.5,37,33,2,0,14,20.3,248
2020/10/16,6276,4549,1426,301,78,87.4,75,2,4,10,59,4,47,8,355.5,593.4,845.2,528.9,603.8,529.4,418.8,428.9,1112.1,2949.8,544.6,643.6,37,17,2,0,19,20.3,249
2020/10/17,6323,4613,1408,302,64,86.9,47,1,0,10,36,6,49,8,355.5,596.9,851.4,532,606.8,533.7,426.4,431.5,1133,2949.8,548,649,26,12,0,2,7,20,250
2020/10/18,6380,4699,1376,305,74,77.6,57,1,5,11,40,2,48,6,356.5,604.9,858.8,535.8,609.7,540.1,430.6,435.5,1144.9,2995,552.9,654.9,26,14,1,0,16,20.7,251
2020/10/19,6444,4782,1355,307,69,78.6,64,1,0,6,57,3,47,6,364.6,615.5,863.2,540.9,615.7,546.5,435.6,439.4,1150.9,2995,558.5,661.5,45,7,0,0,12,20.3,252
2020/10/20,6522,4855,1358,309,46,74.6,78,3,4,14,57,4,45,5,371,627,873.1,550.4,623.1,551.6,439.8,443.4,1153.8,3006.3,564.6,670,43,16,4,0,15,20.1,253
2020/10/21,6610,4916,1382,312,69,72.4,88,1,1,46,40,4,44,4,374.6,631.4,877.4,557.3,626,557.3,444,456.6,1216.5,3153.3,572.6,678.8,29,47,0,0,12,19.7,254
2020/10/22,6675,4995,1368,312,88,69.7,65,1,4,24,36,1,43,3,376.5,638.5,881.1,561.1,639.4,565.1,449.1,459.2,1222.4,3198.5,578.4,685.3,23,25,1,1,15,20.2,255
2020/10/23,6754,5071,1370,313,92,71.7,79,1,1,13,64,2,36,3,383.7,648.2,887.3,569.3,646.8,573,455,463.2,1228.4,3243.7,585.5,693.1,44,13,0,0,22,20.9,256
2020/10/24,6819,5139,1363,317,63,71.6,65,2,5,17,41,2,36,3,390.1,656.1,891,573.7,653.5,578.7,462.5,464.5,1240.3,3300.2,589.8,701.1,39,17,1,0,8,20.1,257
2020/10/25,6889,5226,1344,319,69,70.9,70,1,3,24,42,3,38,3,391.9,665.8,897.8,578.2,655.7,584.5,469.3,468.5,1273.1,3368,595.4,708.8,34,30,0,0,6,19.5,258
2020/10/26,6962,5339,1303,320,77,72,73,1,5,16,51,4,39,3,402.8,675.5,902.2,586.4,659.4,592.3,470.9,473.7,1291,3390.6,601,717,37,20,0,1,15,19.4,259
2020/10/27,7040,5445,1273,322,61,74.1,78,0,3,15,60,1,31,3,410.1,691.4,911.5,594.6,660.2,597.3,472.6,483,1297,3447.1,608.7,724,53,17,1,1,6,18.5,260
2020/10/28,7152,5548,1279,325,94,77.7,112,2,3,69,38,2,29,2,411.9,697.6,920.1,597.1,668.3,602.3,480.2,502.8,1359.6,3695.8,617.8,736.1,33,70,0,1,8,16.9,261
2020/10/29,7216,5627,1263,326,65,74.4,64,0,4,18,42,9,37,2,412.8,705.6,928.2,602.8,675,610.2,484.4,506.7,1365.5,3718.4,623.8,742.3,34,20,0,1,9,16.7,262
2020/10/30,7266,5706,1232,328,122,78.7,50,1,4,9,36,4,40,2,418.3,707.3,936.2,607.2,681.7,613.1,486.9,506.7,1380.4,3729.7,627.4,748.1,23,13,0,1,13,16.6,263
2020/10/31,7305,5814,1162,329,83,81.6,39,0,2,5,32,2,39,2,418.3,714.4,941.8,609.8,685.4,617.4,490.3,508,1383.4,3741,631.5,751.4,23,6,1,0,9,16.9,264
2020/11/01,7355,5901,1122,332,50,78.9,50,1,3,6,40,1,37,2,419.2,725.9,944.9,614.2,692.8,619.5,494.5,508,1389.4,3786.2,636.1,756.3,32,9,0,0,9,16.3,265
2020/11/02,7419,6012,1075,332,56,75.9,64,3,6,8,47,6,42,2,424.6,737.4,952.3,619.2,701,625.2,496.2,509.4,1395.3,3797.5,641.9,762.6,36,18,2,1,7,15.8,266
2020/11/03,7490,6154,1003,333,36,72.3,71,1,1,36,33,1,43,2,430.1,743.5,955.4,626.2,706.9,631,502,516,1419.2,3865.3,646.4,771.5,26,39,2,0,4,14.8,267
2020/11/04,7555,6291,927,337,53,66.4,65,5,8,1,51,1,40,1,439.2,754.1,959.8,630,714.3,638.1,505.4,519.9,1428.1,3865.3,651.4,778.8,47,10,1,0,7,14.6,268
2020/11/05,7602,6381,884,337,45,63.6,47,0,7,6,34,5,43,2,441,767.4,966,635.7,718,640.3,505.4,519.9,1434.1,3876.6,656.4,782.7,27,10,2,0,8,14.1,269
2020/11/06,7676,6457,878,341,79,57.4,74,1,3,12,58,4,46,3,447.4,775.3,974,642,724.7,647.4,508.8,522.6,1458,3899.2,664.5,788.7,49,14,2,0,9,12.8,270
2020/11/07,7711,6520,845,346,75,56.3,35,3,3,4,25,3,46,4,447.4,778.9,980.2,643.9,726.9,651.7,513,526.5,1460.9,3899.2,666.8,792.9,17,10,0,0,8,13.2,271
2020/11/08,7748,6619,783,346,47,55.9,37,1,2,5,29,1,47,4,451,781.5,986.4,648.9,730.6,653.9,514.7,526.5,1463.9,3910.5,670.1,796.7,20,7,3,0,7,13.9,272
2020/11/09,7818,6717,751,350,31,52.3,70,3,2,24,41,7,46,4,455.6,788.6,993.2,652.7,735.8,658.1,517.2,530.5,1502.7,4000.9,676.1,803.9,33,27,2,0,8,13.1,273
2020/11/10,7885,6775,760,350,51,54.4,67,0,2,11,54,3,47,5,460.1,798.3,1005,657.8,741,662.4,519.7,538.4,1502.7,4023.5,682.1,810.6,37,11,4,1,14,14.2,274
2020/11/11,7941,6829,759,353,78,58,56,0,2,6,48,2,46,5,465.6,806.2,1013,662.8,746.9,667.4,522.2,539.7,1502.7,4034.8,688.1,815.3,36,9,1,0,10,15.5,275
2020/11/12,7983,6879,749,355,58,59.9,42,1,2,8,31,3,43,3,472.8,808.9,1019.2,667.3,747.7,670.3,523.9,541,1508.6,4080,691.8,819.6,25,11,1,0,5,15.4,276
2020/11/13,8021,6939,725,357,81,60.1,38,1,4,7,26,0,36,3,476.5,814.2,1024.2,670.4,751.4,673.2,525.6,542.4,1517.6,4080,696.2,822.4,24,13,0,0,1,14,277
2020/11/14,8042,6983,702,357,50,56.6,21,3,2,2,14,3,37,3,479.2,814.2,1027.9,672.9,752.1,673.9,528.1,546.3,1517.6,4080,698.5,824,12,5,1,1,2,13.4,278
2020/11/15,8072,7054,658,360,29,54,30,1,3,1,25,0,35,2,481.9,817.7,1029.7,674.2,755.1,678.9,532.3,549,1517.6,4080,701.2,827,20,2,1,0,7,13.5,279
2020/11/16,8116,7133,620,363,11,51.1,44,0,2,3,39,3,33,2,488.3,822.1,1032.8,679.3,758.8,684.6,534,551.6,1517.6,4102.6,704.3,832.2,31,4,1,0,8,14.1,280
2020/11/17,8157,7196,598,363,39,49.4,41,1,1,10,29,1,32,2,493.8,825.7,1035.3,682.4,761.8,689.6,536.5,554.2,1523.6,4147.8,708,836.3,25,10,1,0,5,14.8,281
2020/11/18,8198,7245,590,363,66,47.7,41,3,2,6,30,1,32,2,498.3,830.1,1039.6,686.8,765.5,693.2,539.9,556.9,1526.5,4147.8,711.7,840.4,27,7,3,0,4,14.9,282
2020/11/19,8218,7281,573,364,53,47,20,2,0,1,17,0,30,2,499.2,831.8,1044,688.7,769.2,694.6,539.9,556.9,1526.5,4147.8,713.8,842.1,7,3,4,0,6,15.3,283
2020/11/20,8243,7349,530,364,28,39.4,25,1,2,2,20,1,30,2,502.9,834.5,1046.5,691.3,770.7,698.2,541.6,558.2,1526.5,4147.8,716.3,844.3,16,3,2,0,4,15.7,284
2020/11/21,8272,7409,498,365,27,36.1,29,4,2,4,19,2,31,2,503.8,837.1,1049.5,696.3,774.4,698.9,542.4,559.5,1535.5,4159.1,719.4,846.8,14,10,1,0,4,15.2,285
2020/11/22,8299,7447,484,368,26,35.7,27,3,1,4,19,3,31,4,506.5,838,1053.9,699.5,777.4,700.4,544.9,560.8,1538.5,4159.1,721.7,849.6,14,4,2,0,7,15.4,286
2020/11/23,8339,7502,467,370,20,37,40,2,3,10,25,1,27,3,511,842.4,1057.6,705.2,783.3,701.1,546.6,562.1,1538.5,4193,725.4,853.5,14,17,1,0,8,16.3,287
2020/11/24,8383,7536,477,370,21,34.4,44,2,1,7,34,1,23,3,517.4,846.9,1059.5,713.4,784.8,706.8,548.3,564.8,1541.4,4204.3,729,858.1,26,11,1,0,6,15.5,288
2020/11/25,8438,7582,485,371,38,30.4,55,4,2,10,39,2,23,2,521.9,857.4,1065,717.2,790.7,712.5,550,570.1,1544.4,4204.3,733.7,863.9,30,13,2,1,9,15.3,289
2020/11/26,8483,7611,500,372,60,31.4,45,3,1,4,37,3,23,2,527.4,865.4,1068.1,722.9,793.7,713.9,554.2,572.7,1553.4,4204.3,738.3,867.8,35,6,2,0,2,14.6,290
2020/11/27,8529,7644,511,374,56,35.4,46,2,1,3,40,3,24,1,531,871.6,1074.3,729.2,796.6,718.2,556.7,575.3,1553.4,4204.3,743.3,871.5,27,5,1,1,12,16.5,291
2020/11/28,8574,7685,514,375,60,40.1,45,2,0,3,40,2,25,1,532.9,875.1,1081.7,736.1,798.9,721.1,560.9,578,1556.4,4215.6,748,875.4,22,7,0,0,16,18.4,292
2020/11/29,8619,7716,526,377,23,39.7,45,0,3,4,38,5,28,1,536.5,878.6,1090.4,739.3,804.8,722.5,564.3,581.9,1559.3,4215.6,752.6,879.3,22,6,2,0,15,19.4,293
2020/11/30,8663,7752,533,378,45,43.3,44,1,1,7,35,1,25,1,539.2,882.2,1097.2,746.9,807,725.4,566.8,583.3,1562.3,4238.2,757.2,882.9,25,9,0,0,10,19.7,294
2020/12/01,8716,7784,554,378,34,45.1,53,2,1,11,39,3,27,1,542,888.4,1105.9,752.6,811.5,729.7,568.5,587.2,1565.3,4260.8,763.2,887,24,16,1,0,12,20.6,295
2020/12/02,8758,7811,568,379,50,46.9,42,1,2,5,34,6,31,1,547.4,893.7,1112.1,753.8,817.4,732.5,571.8,589.9,1565.3,4260.8,766.7,891.5,24,10,0,0,8,21.2,296
2020/12/03,8796,7849,567,380,40,44,38,0,1,6,31,3,33,1,550.1,900.7,1116.4,756.4,822.6,737.6,572.7,591.2,1565.3,4260.8,769.4,895.9,20,7,1,0,10,21.3,297
2020/12/04,8838,7886,570,382,54,43.7,42,1,4,5,32,2,31,1,552.9,906,1120.1,763.3,826.3,741.8,574.4,593.8,1568.3,4260.8,774.2,899.1,21,13,1,0,7,21.2,298
2020/12/05,8873,7932,559,382,45,41.6,35,3,1,2,29,1,31,1,554.7,907.8,1128.2,766.5,828.5,744,577.7,596.5,1568.3,4272.2,777.9,902.1,19,5,2,0,9,21.8,299
2020/12/06,8912,7976,553,383,33,43,39,0,2,7,30,1,31,2,557.4,911.3,1133.8,770.3,831.5,748.3,581.1,597.8,1574.2,4272.2,781.2,906.2,19,10,1,0,9,21.7,300
2020/12/07,8965,8026,555,384,24,40,53,0,5,4,44,2,30,1,567.4,919.3,1142.4,772.8,836,750.4,583.6,597.8,1583.2,4272.2,785.4,911.9,37,8,0,0,8,21.2,301
2020/12/08,9012,8068,560,384,57,43.3,47,1,1,1,44,0,27,1,572,924.6,1153.6,774.7,841.2,754.7,584.5,597.8,1586.2,4272.2,788.7,917.5,35,3,2,0,7,21.3,302
2020/12/09,9067,8110,571,386,39,41.7,55,2,2,3,48,1,24,3,575.6,927.2,1163.5,780.4,847.1,758.3,589.5,599.1,1592.1,4283.5,793,923.7,32,7,1,0,15,22.3,303
2020/12/10,9111,8156,569,386,57,44.1,44,2,0,0,42,1,23,3,577.4,934.3,1172.2,784.8,851.5,762.6,589.5,600.4,1592.1,4283.5,798,927,29,1,0,0,14,24.2,304
2020/12/11,9150,8211,553,386,49,43.4,39,6,1,2,30,1,23,2,579.2,940.5,1179,789.8,853.8,765.5,592,601.7,1592.1,4283.5,802.1,930.4,24,9,1,1,4,23.2,305
2020/12/12,9179,8254,538,387,56,45,29,2,0,5,22,0,20,2,582.9,942.2,1180.8,792.4,856,769.7,594.6,603.1,1592.1,4317.4,804.6,933.4,18,7,0,0,4,21.8,306
2020/12/13,9219,8295,536,388,28,44.3,40,5,0,2,33,0,19,2,584.7,949.3,1187,799.3,859.7,770.5,596.2,604.4,1592.1,4317.4,808.6,936.9,24,6,3,0,7,20.7,307
2020/12/14,9261,8340,533,388,19,43.6,42,3,0,4,35,2,20,2,584.7,958.1,1192.6,804.4,862.7,774,600.4,605.7,1592.1,4317.4,812.7,940.8,24,7,1,0,10,20.7,308
2020/12/15,9309,8377,543,389,51,42.7,48,2,1,7,38,1,20,1,587.4,964.3,1198.8,809.4,867.1,779.8,603,605.7,1598.1,4328.7,815.6,946.9,27,8,0,0,13,21.1,309
2020/12/16,9363,8415,559,389,54,44.9,54,3,1,4,46,0,18,1,590.1,978.4,1202.5,816.4,871.6,783.3,605.5,608.3,1598.1,4351.3,821,951.8,35,9,0,0,10,21,310
2020/12/17,9401,8456,555,390,60,45.3,38,1,2,5,30,1,17,0,593.8,983.7,1206.8,817,876,789.1,606.3,608.3,1604.1,4385.2,825.6,954.4,22,9,0,0,7,20.5,311
2020/12/18,9442,8508,544,390,23,41.6,41,3,0,4,34,0,16,0,594.7,990.8,1211.8,820.2,881.2,794.1,606.3,613.6,1607,4385.2,830.1,957.7,19,5,2,0,15,21.9,312
2020/12/19,9481,8550,541,390,46,40.1,39,1,3,7,28,3,19,0,594.7,996.1,1217.4,823.3,887.1,798.4,608.8,613.6,1613,4385.2,833.9,961.3,22,8,1,0,8,21.5,313
2020/12/20,9525,8599,536,390,24,39.6,44,5,3,2,34,0,16,0,596.5,1003.2,1226,825.9,894.6,799.1,610.5,614.9,1616,4396.5,838.6,965,25,11,0,0,8,21.2,314
2020/12/21,9599,8653,556,390,28,40.9,74,7,0,8,59,1,15,0,600.1,1008.5,1234.1,831.5,906.4,806.2,614.7,624.2,1621.9,4419.1,844.9,972.6,39,14,2,0,19,22.2,315
2020/12/22,9681,8693,598,390,67,43.1,82,5,2,7,68,2,15,0,602.9,1015.5,1245.8,839.1,914.6,816.2,622.3,628.1,1627.9,4430.4,852.7,980.5,35,18,3,0,26,23.9,316
2020/12/23,9781,8726,665,390,52,42.9,100,5,1,6,88,1,13,1,605.6,1031.4,1265,848,923.5,822.7,629,633.4,1630.9,4430.4,863.9,988.3,70,10,5,0,15,22.4,317
2020/12/24,9854,8771,693,390,55,42.1,73,11,2,5,55,2,13,1,606.5,1042,1271.2,855.6,935.4,828.4,634.9,637.4,1642.8,4430.4,870.8,995.2,44,13,1,0,15,21.7,318
2020/12/25,9917,8805,722,390,52,46.3,63,6,1,2,54,0,10,1,608.3,1055.3,1279.3,861.2,945,832,636.6,641.3,1645.8,4430.4,876.6,1001.3,42,7,1,0,13,22.2,319
2020/12/26,10010,8855,765,390,86,52,93,5,1,4,83,2,12,2,617.4,1064.1,1291,870.1,953.2,842.7,645.9,645.3,1645.8,4430.4,885.5,1010.1,70,10,0,1,12,21.4,320
2020/12/27,10121,8900,830,391,35,53.6,111,8,2,6,95,2,12,4,625.6,1073.8,1302.8,882.7,967.3,855.6,651.7,651.9,1654.7,4430.4,896.5,1020.1,79,13,1,0,18,21,321
2020/12/28,10255,8938,926,391,65,58.9,134,15,2,7,110,1,13,2,634.7,1089.7,1322.6,894.7,980.6,866.3,661,661.1,1663.7,4441.7,907.3,1034.7,97,20,2,0,15,19.5,322
2020/12/29,10375,8981,1003,391,112,65.3,120,5,0,15,100,3,12,4,639.2,1102.9,1337.5,904.8,998.4,879.2,666,669,1678.6,4453,917.6,1047,75,21,4,0,20,18.9,323
2020/12/30,10512,9027,1094,391,88,70.4,137,12,0,10,115,3,13,5,648.3,1131.2,1360.4,911.2,1007.3,891.4,668.6,677,1690.5,4486.9,930.3,1060.2,91,21,0,0,25,18.8,324
2020/12/31,10638,9065,1182,391,147,83.6,126,0,0,9,117,2,13,5,659.3,1142.7,1376.5,927,1019.2,900.7,677.8,680.9,1699.5,4532.1,944,1070.2,93,9,1,0,23,18.8,325
2021/01/01,10755,9126,1237,392,88,88.7,117,0,1,5,111,2,13,6,664.7,1157.7,1391.3,939.6,1035.5,910,684.5,688.8,1702.4,4532.1,955.8,1080.7,84,7,2,0,24,18.4,326
2021/01/02,10867,9179,1296,392,133,95.4,112,2,2,8,100,2,15,6,669.3,1170.1,1408.1,949.1,1050.3,922.1,688.7,694.1,1714.4,4543.4,964.1,1093.5,75,12,3,0,22,18.4,327
2021/01/03,10990,9274,1323,393,107,105.7,123,0,0,5,118,3,18,5,684.7,1185.1,1424.8,959.8,1062.9,933.6,693.8,698.1,1723.3,4543.4,975.3,1105.6,88,5,1,0,29,18.8,328
2021/01/04,11166,9338,1435,393,115,112.9,176,4,1,30,141,5,21,8,696.5,1204.5,1450.8,979.4,1077,948.6,700.5,700.7,1747.2,4656.4,992.3,1122,109,32,4,0,31,18.4,329
2021/01/05,11309,9404,1510,395,106,112,143,2,0,19,122,6,23,8,711.1,1223.9,1473.1,987.6,1093.4,957.9,709.8,706,1759.1,4679,1007.4,1134.1,94,21,4,0,24,17.6,330
2021/01/06,11493,9493,1605,395,132,118.3,184,11,1,42,130,7,28,7,724.7,1239.8,1497.2,1005.3,1117.1,975.8,720.7,716.5,1771,4701.6,1028.1,1148.4,98,55,3,0,28,17.5,331
2021/01/07,11610,9575,1640,395,188,124.1,117,2,1,7,107,6,32,9,735.6,1254.8,1522,1011.6,1126,986.5,725.7,720.5,1777,4701.6,1041,1157.8,80,10,1,0,26,17.7,332
2021/01/08,11742,9676,1671,395,186,138.1,132,6,1,13,112,0,30,11,747.5,1267.2,1540,1019.8,1140.1,1005.8,730.8,723.1,1797.9,4724.2,1052.8,1171,81,19,1,1,30,17.9,333
2021/01/09,11841,9763,1681,397,154,141.1,99,6,0,2,91,4,30,11,753.8,1284,1556.1,1029.3,1147.5,1016.6,732.5,729.7,1797.9,4724.2,1062.3,1180.3,70,7,2,1,19,18.2,334
2021/01/10,11934,9872,1665,397,118,142.7,93,5,2,3,83,5,34,11,761.1,1304.3,1572.2,1035.6,1154.9,1022.3,737.5,731.1,1800.8,4724.2,1072.5,1187.7,70,9,1,0,13,18.1,335
2021/01/11,12098,9985,1716,397,66,135.7,164,2,2,25,135,3,34,13,774.7,1331.6,1591.4,1049.5,1166.8,1033,745.9,739,1833.6,4803.3,1089.1,1202.3,102,34,5,0,23,18.3,336
2021/01/12,12238,10096,1744,398,159,143.3,140,1,2,22,115,4,35,13,786.6,1357.3,1611.8,1062.8,1180.9,1039.4,749.3,741.6,1854.5,4837.3,1101.5,1216.4,87,28,4,0,21,18.1,337
2021/01/13,12327,10193,1732,402,172,149,89,0,4,9,76,2,34,11,796.6,1370.5,1619.2,1072.3,1191.3,1052.3,751.8,742.9,1854.5,4837.3,1110.6,1224.2,62,11,2,0,14,18,338
2021/01/14,12419,10297,1720,402,130,140.7,92,2,1,14,75,9,41,10,807.5,1385.5,1629.7,1083,1200.2,1060.9,754.3,742.9,1857.5,4848.6,1119.3,1233,67,16,1,1,7,17.5,339
2021/01/15,12514,10422,1688,404,144,134.7,95,6,2,7,80,5,41,11,812,1393.5,1645.8,1093.1,1212,1069.5,757.7,746.9,1869.4,4848.6,1127.6,1242.7,60,15,1,0,19,17.4,340
2021/01/16,12575,10531,1639,405,119,129.7,61,0,2,0,59,2,39,9,816.6,1403.2,1653.3,1102.6,1217.2,1073.8,760.2,749.5,1869.4,4848.6,1132.8,1249,43,5,2,1,10,17.2,341
2021/01/17,12655,10670,1578,407,74,123.4,80,2,3,3,72,2,39,9,823.8,1410.2,1665.7,1111.5,1221.7,1079.5,766.9,754.8,1875.4,4871.2,1139.5,1257.4,56,9,1,0,14,16.8,342
2021/01/18,12776,10769,1599,408,63,123,121,2,2,45,72,7,43,10,828.4,1413.8,1685.5,1126,1234.3,1094.5,776.2,756.1,1887.3,4905.1,1153.6,1266.3,59,47,1,0,14,16.3,343
2021/01/19,12850,10894,1541,415,81,111.9,74,3,0,24,47,8,45,9,833.8,1418.2,1694.1,1131.7,1239.5,1103.8,783.8,762.7,1896.2,4939,1161.2,1272.8,36,28,1,0,9,16,344
2021/01/20,12911,10997,1499,415,166,111,61,1,2,8,50,2,37,7,837.5,1422.6,1699.7,1136.7,1243.2,1115.3,791.3,764,1905.2,4950.3,1167.4,1278.2,34,15,1,0,11,16.2,345
2021/01/21,12982,11098,1467,417,81,104,71,1,1,9,60,3,37,7,844.8,1431.4,1708.4,1143.7,1248.4,1118.9,795.5,769.3,1917.1,4984.2,1173.1,1285.9,42,13,3,0,13,15.8,346
2021/01/22,13061,11206,1437,418,95,97,79,1,1,3,74,5,37,6,858.4,1441.1,1719.5,1149.4,1254.3,1121,798.1,778.6,1926.1,5006.8,1182.6,1291.5,57,4,1,0,17,15.5,347
2021/01/23,13109,11320,1371,418,84,92,48,1,3,4,40,4,39,9,866.6,1447.3,1725.1,1151.3,1258.8,1125.3,799.7,781.2,1938,5006.8,1186.7,1296.5,28,10,0,0,10,15.4,348
2021/01/24,13155,11449,1287,419,44,87.7,46,2,0,9,35,2,37,8,870.2,1452.6,1730.1,1157,1263.2,1130.3,799.7,783.8,1946.9,5018.1,1191.5,1300.4,30,13,1,0,2,15.1,349
2021/01/25,13218,11571,1228,419,29,82.9,63,1,1,18,43,4,38,7,875.7,1456.2,1740.6,1163.9,1268.4,1136.7,804.8,786.5,1949.9,5018.1,1198.8,1305.1,38,18,1,0,6,14.9,350
2021/01/26,13280,11695,1165,420,74,81.9,62,1,2,19,40,8,40,5,880.2,1460.6,1748.6,1170.2,1273.6,1143.9,811.5,789.1,1955.9,5018.1,1205.6,1310.1,28,20,4,1,9,14.9,351
2021/01/27,13358,11812,1124,422,80,69.6,78,0,1,27,50,1,30,4,884.8,1466.8,1758.5,1177.8,1280.3,1152.5,816.6,794.4,1973.8,5029.4,1215.3,1315.3,42,29,0,0,7,14.4,352
2021/01/28,13396,11911,1063,422,66,67.4,38,1,1,3,33,3,30,5,888.4,1469.4,1764.7,1182.2,1284.7,1155.3,819.1,794.4,1976.7,5029.4,1220.7,1317.2,20,3,4,0,11,15.6,353
2021/01/29,13425,12042,961,422,73,64.3,29,1,0,2,26,3,31,4,890.2,1471.2,1769.1,1183.5,1289.2,1156.8,821.6,798.4,1982.7,5029.4,1223.4,1320,20,3,0,0,6,15.3,354
2021/01/30,13444,12157,864,423,42,58.3,19,1,0,6,12,2,33,5,891.1,1471.2,1770.3,1186,1292.1,1158.2,824.1,799.7,1988.7,5029.4,1224.5,1322.4,10,7,0,0,2,15.1,355
2021/01/31,13486,12257,805,424,25,55.6,42,3,0,5,34,4,32,6,895.7,1472.9,1776.5,1191.7,1295.8,1161.1,825.8,801,2000.6,5029.4,1229.2,1325.7,29,8,1,0,4,14.6,356
2021/02/01,13526,12388,714,424,26,55.1,40,6,2,7,25,4,29,5,896.6,1475.6,1782.1,1193.6,1305.5,1164.6,828.3,803.6,2003.6,5029.4,1234,1328.5,21,15,1,1,2,14.5,357
2021/02/02,13568,12492,651,425,59,53,42,4,2,5,31,3,27,5,900.2,1479.1,1790.7,1197.4,1308.5,1168.9,830.9,803.6,2006.6,5029.4,1238.8,1331.7,28,8,4,0,2,14.2,358
2021/02/03,13631,12570,636,425,54,49.3,63,4,1,22,36,2,26,4,904.8,1486.2,1800,1203.7,1318.1,1172.5,831.7,810.2,2009.5,5029.4,1246.9,1335.6,28,25,3,0,7,13.6,359
2021/02/04,13713,12650,638,425,51,47.1,82,3,3,43,33,2,25,5,910.2,1489.7,1809.9,1214.5,1325.5,1184,840.1,814.2,2009.5,5029.4,1256.8,1341.4,25,52,0,0,5,12.3,360
2021/02/05,13771,12707,637,427,72,47,58,1,1,8,48,2,21,5,913,1495.9,1817.4,1222.7,1329.2,1190.4,844.3,815.5,2015.5,5040.7,1262.4,1346.8,35,12,1,0,10,11.7,361
2021/02/06,13796,12763,606,427,61,49.7,25,1,1,4,19,3,21,6,915.7,1496.8,1819.8,1223.9,1332.9,1195.4,845.2,816.8,2018.5,5040.7,1264.9,1349,11,6,1,0,7,11.6,362
2021/02/07,13821,12831,561,429,33,50.9,25,1,3,2,19,3,23,4,917.5,1498.5,1822.3,1225.8,1336.6,1199,846.8,818.1,2021.5,5040.7,1267,1351.6,12,6,0,0,7,12.8,363
2021/02/08,13868,12879,558,431,24,50.6,47,1,1,7,38,2,21,5,923.9,1503.8,1829.1,1230.9,1343.3,1201.8,848.5,818.1,2021.5,5040.7,1272.4,1355.2,26,13,0,0,8,13.4,364
2021/02/09,13923,12915,577,431,43,48.3,55,5,3,8,39,0,19,2,928.4,1509.1,1836.6,1239.1,1348.5,1204.7,851,823.4,2024.4,5040.7,1277.1,1360.9,30,13,1,1,10,13.7,365
2021/02/10,13980,12954,594,432,40,46.3,57,0,1,6,50,3,20,4,938.4,1518,1844.6,1243.5,1351.5,1206.8,856.9,824.7,2027.4,5040.7,1280.9,1367.8,39,7,1,0,10,14.6,366
2021/02/11,14040,12987,620,433,51,46.3,60,1,2,11,46,1,16,3,941.1,1522.4,1852,1250.5,1355.9,1215.4,860.3,830,2036.4,5040.7,1287.5,1372.7,37,13,2,0,8,13.7,367
2021/02/12,14091,13033,623,435,52,43.4,51,0,2,8,41,3,16,2,943,1530.3,1859.5,1253,1358.9,1222.6,862.8,836.6,2042.3,5040.7,1292.5,1377.3,34,8,1,0,8,13.5,368
2021/02/13,14124,13067,622,435,46,41.3,33,0,1,3,29,6,21,2,945.7,1533,1865,1256.2,1362.6,1225.4,865.3,837.9,2042.3,5040.7,1296.2,1379.9,21,6,2,0,4,13.5,369
2021/02/14,14165,13131,597,437,48,43.4,41,0,2,4,35,4,21,2,948.4,1539.2,1871.8,1258.7,1364.1,1229,867.9,840.6,2048.3,5063.3,1300.4,1383.5,28,7,0,0,6,13.8,370
2021/02/15,14227,13170,619,438,34,44.9,62,2,1,8,51,4,23,2,952.1,1546.2,1884.9,1264.4,1368.5,1235.5,869.5,840.6,2054.3,5074.6,1307.4,1388.3,37,11,1,0,13,15,371
2021/02/16,14278,13226,614,438,61,47.4,51,3,3,13,32,3,24,2,956.6,1552.4,1894.1,1268.8,1374.5,1240.5,870.4,840.6,2054.3,5085.9,1312.8,1392.6,24,17,1,1,8,15.6,372
2021/02/17,14335,13267,629,439,49,48.7,57,5,2,6,44,2,25,2,964.8,1560.4,1904,1273.2,1376,1244,873.7,841.9,2063.2,5097.2,1319.2,1397.1,35,12,1,1,8,15.9,373
2021/02/18,14407,13323,645,439,68,51.1,72,3,4,12,53,3,26,3,971.1,1571,1915.2,1280.8,1381.9,1249.8,875.4,844.5,2066.2,5119.8,1326.1,1403.6,38,20,0,0,14,17.4,374
2021/02/19,14461,13372,649,440,58,52,54,2,3,16,33,1,26,3,974.8,1577.1,1923.2,1284,1386.3,1252.6,880.5,847.2,2069.2,5187.6,1330.2,1409.7,26,20,0,0,8,17.2,375
2021/02/20,14509,13442,627,440,66,54.9,48,0,1,3,44,4,26,3,979.3,1582.4,1930.7,1287.8,1391.5,1260.5,880.5,848.5,2069.2,5187.6,1335,1414,31,4,4,0,9,17,376
2021/02/21,14551,13495,616,440,53,55.6,42,0,2,7,33,2,24,4,983,1585.1,1936.2,1293.4,1394.5,1265.5,884.7,848.5,2069.2,5198.9,1337.7,1419.2,20,8,2,0,12,17.3,377
2021/02/22,14616,13544,632,440,32,55.3,65,0,0,11,54,1,23,6,988.4,1593,1945.5,1299.8,1399.7,1271.2,889.7,851.1,2072.2,5210.2,1343.1,1426.1,38,14,2,0,11,17.2,378
2021/02/23,14671,13593,638,440,47,53.3,55,0,1,7,47,3,25,6,990.2,1599.2,1956.1,1304.8,1404.9,1276.2,889.7,860.4,2072.2,5210.2,1349.5,1430,38,8,3,0,6,16.7,379
2021/02/24,14717,13632,644,441,60,54.9,46,2,0,10,34,1,24,6,992.1,1607.2,1966,1309.2,1406.4,1280.5,893.1,860.4,2072.2,5210.2,1354.5,1433.7,27,12,1,0,6,16.4,380
2021/02/25,14750,13669,640,441,43,51.3,33,1,2,5,25,1,23,6,994.8,1609.8,1970.9,1312.4,1408.6,1286.3,893.1,861.7,2078.1,5210.2,1358.2,1436.3,18,7,0,0,8,17,381
2021/02/26,14815,13731,643,441,56,51,65,5,5,12,43,1,21,6,1002.1,1621.3,1981.4,1317.5,1413.8,1290.5,895.6,864.3,2078.1,5221.5,1365.2,1441.7,32,23,0,0,10,17,382
2021/02/27,14861,13771,648,442,71,51.7,46,0,8,4,34,3,23,6,1008.4,1628.4,1985.8,1321.9,1420.5,1292.7,897.3,868.3,2078.1,5221.5,1369.4,1446.2,23,10,2,0,11,17.6,383
2021/02/28,14926,13825,659,442,49,51.1,65,2,1,8,54,7,28,6,1013.9,1639,1994.5,1325,1425.7,1294.8,907.4,868.3,2090,5244.1,1376.6,1451.4,32,14,3,0,16,18.4,384
2021/03/01,15003,13887,674,442,54,54.3,77,4,2,7,64,3,29,6,1018.4,1644.3,2006.8,1334.5,1432.3,1301.3,913.3,874.9,2090,5255.4,1383.5,1459.1,48,11,3,0,15,18.3,385
2021/03/02,15066,13940,683,443,61,56.3,63,1,2,6,54,3,29,4,1021.2,1649.6,2021.1,1340.8,1437.5,1306.3,915.8,877.5,2093,5266.7,1389.3,1465.2,38,9,1,0,15,18.9,386
2021/03/03,15125,13989,693,443,65,57,59,0,3,5,51,6,32,5,1024.8,1657.5,2026.7,1348.4,1443.5,1312,919.2,882.8,2093,5278,1395.9,1469.9,34,8,1,0,16,19.9,387
2021/03/04,15182,14050,689,443,61,59.6,57,3,1,3,50,1,31,5,1033,1663.7,2036.6,1352.2,1447.9,1315.6,922.5,885.4,2099,5278,1401.9,1474.7,35,7,6,1,8,19.5,388
2021/03/05,15255,14118,693,444,51,58.9,73,1,5,10,57,1,28,2,1037.5,1669.9,2051.4,1359.2,1454.6,1319.2,929.3,889.4,2099,5289.3,1408,1482.3,43,19,2,0,9,19.1,389
2021/03/06,15311,14159,706,446,46,55.3,56,3,3,3,47,0,26,2,1043,1675.2,2061.3,1364.9,1457.6,1322.7,934.3,893.4,2102,5289.3,1412.5,1488.5,36,8,1,0,11,19.2,390
2021/03/07,15351,14207,697,447,54,56,40,1,1,0,38,2,25,5,1048.4,1682.2,2066.3,1367.4,1462.7,1326.3,936,893.4,2102,5289.3,1416.2,1492.4,29,5,0,0,6,18.5,391
2021/03/08,15434,14247,739,448,38,53.7,83,1,8,9,65,6,29,4,1055.7,1691.1,2075.6,1376.2,1473.1,1331.3,943.5,900,2104.9,5289.3,1425.2,1499.1,53,18,0,2,10,18,392
2021/03/09,15491,14297,746,448,70,55,57,0,2,8,47,1,27,3,1060.3,1699,2083.6,1380.6,1479.8,1337,946.9,900,2110.9,5289.3,1430.8,1504.3,33,14,1,1,8,18.2,393
2021/03/10,15571,14354,769,448,76,56.6,80,5,3,8,64,0,24,2,1069.4,1705.2,2100.3,1383.8,1489.4,1344.9,950.3,903.9,2110.9,5289.3,1439.9,1510.5,44,18,1,3,14,18.4,394
2021/03/11,15632,14415,766,451,73,58.3,61,1,1,7,52,1,20,2,1075.7,1715.8,2108.4,1387,1496.1,1349.2,952.8,909.2,2113.9,5300.6,1445.9,1516,31,12,1,1,16,18.7,395
2021/03/12,15714,14492,771,451,93,64.3,82,5,6,4,67,2,17,2,1084.8,1730.8,2118.9,1394.5,1502.1,1355.6,954.5,917.1,2116.9,5300.6,1454.4,1523.1,55,15,1,1,10,18.4,396
2021/03/13,15782,14542,789,451,56,65.7,68,5,6,3,54,5,22,4,1091.2,1740.5,2127.6,1400.9,1508.7,1362.1,958.7,918.4,2122.8,5300.6,1460.6,1529.8,31,19,3,2,13,18.1,397
2021/03/14,15850,14585,814,451,65,67.3,68,2,5,10,51,2,23,3,1094.8,1752,2137.5,1405.9,1515.4,1367.8,963.7,919.8,2131.8,5300.6,1466,1537.3,32,20,0,3,13,17.7,398
2021/03/15,15957,14644,861,452,58,70.1,107,4,3,3,97,4,25,5,1107.5,1763.5,2151.1,1421.1,1522.8,1373.5,971.3,926.4,2134.8,5311.9,1477.4,1546.2,65,12,2,4,24,18.1,399
2021/03/16,16043,14711,879,453,85,72.3,86,7,3,4,72,5,27,6,1115.7,1770.5,2166,1432.5,1530.2,1379.3,978,926.4,2137.7,5311.9,1485.7,1554.2,51,20,0,1,14,17.6,400
2021/03/17,16131,14771,906,454,77,72.4,88,3,4,5,76,3,27,5,1120.3,1782,2182.1,1443.8,1536.2,1386.4,981.4,929,2143.7,5311.9,1494.4,1562.2,53,13,1,4,17,17.2,401
2021/03/18,16224,14826,943,455,63,71,93,6,4,3,80,2,24,5,1124.8,1798.8,2196.3,1452.1,1550.3,1390.7,987.3,930.3,2143.7,5311.9,1504.4,1569.9,61,11,2,2,17,17.5,402
2021/03/19,16349,14899,993,457,117,74.4,125,7,8,6,104,2,24,4,1132.1,1822.6,2215.5,1467.2,1559.2,1401.4,991.5,930.3,2149.7,5323.2,1517.4,1580.3,75,19,6,5,20,17.6,403
2021/03/20,16452,14947,1047,458,83,78.3,103,5,5,6,87,4,27,4,1140.3,1837.6,2221.7,1478.6,1568.8,1415,1000.7,933,2158.6,5334.5,1527.4,1589.8,66,20,1,1,15,17.3,404
2021/03/21,16536,15003,1074,459,87,81.4,84,5,2,1,76,4,29,4,1143.9,1852.7,2232.8,1484.9,1579.9,1420.7,1008.3,935.6,2161.6,5334.5,1535.5,1597.4,40,8,1,4,31,18.7,405
2021/03/22,16685,15075,1150,460,55,81,149,6,3,7,133,4,30,7,1156.6,1874.7,2253.9,1505.8,1591.8,1430,1012.5,940.9,2170.5,5357.1,1550.2,1611,78,22,2,6,41,20.2,406
2021/03/23,16809,15160,1188,461,108,84.3,124,2,2,0,120,5,31,9,1163.9,1886.2,2272.5,1521.6,1604.4,1441.5,1021.8,942.2,2176.5,5368.4,1562.8,1621.8,91,8,1,5,19,20,407
2021/03/24,16963,15223,1279,461,85,85.4,154,7,7,2,138,4,33,9,1174.8,1908.3,2298.5,1534.8,1615.5,1457.9,1032.7,944.8,2179.5,5368.4,1579.2,1634.5,83,18,1,10,42,21,408
2021/03/25,17112,15289,1361,462,124,94.1,149,7,6,4,132,8,40,10,1185.7,1932.1,2323.9,1543,1628.2,1472.3,1038.6,955.4,2188.4,5379.7,1592.9,1649,80,16,3,16,34,20.9,409
2021/03/26,17261,15353,1445,463,104,92.3,149,10,7,2,130,4,42,11,1201.2,1952.4,2344.3,1555.7,1643.7,1482.3,1047,967.3,2194.4,5379.7,1608.8,1661.5,75,21,2,12,39,21.9,410
2021/03/27,17377,15413,1499,465,137,100,116,7,6,3,100,5,44,13,1209.4,1969.2,2354.8,1572.7,1658.6,1491.6,1052,972.5,2197.4,5379.7,1619.8,1672.5,60,12,2,7,35,22.6,411
2021/03/28,17514,15490,1558,466,139,107.4,137,3,5,5,124,5,45,13,1220.3,1983.3,2374,1589.8,1670.4,1505.9,1058.8,975.2,2203.3,5413.7,1632.9,1685.3,77,13,0,13,34,23,412
2021/03/29,17724,15551,1707,466,111,115.4,210,7,12,1,190,4,47,12,1238.5,2016,2406.2,1609.4,1689.7,1524.5,1064.6,988.4,2206.3,5413.7,1654.1,1703.9,116,22,2,10,60,23.7,413
2021/03/30,17932,15628,1837,467,170,124.3,208,9,8,6,185,6,48,12,1246.7,2033.7,2444,1633.4,1718.7,1538.8,1075.6,998.9,2206.3,5413.7,1674.2,1723.3,119,19,3,10,57,24.4,414
2021/03/31,18139,15732,1939,468,163,135.4,207,7,5,5,190,8,54,14,1259.4,2059.3,2474.3,1654.9,1741.6,1549.5,1091.6,1016.1,2215.3,5413.7,1695.3,1741.6,103,22,3,21,58,25,415
2021/04/01,18375,15832,2074,469,143,138.1,236,12,17,4,203,4,53,15,1275.8,2084,2509.6,1677.6,1772.1,1571,1103.3,1029.3,2221.2,5413.7,1718.5,1763.2,106,31,3,24,72,25.9,416
2021/04/02,18573,15936,2167,470,242,157.9,198,14,14,7,163,6,57,15,1292.1,2099.9,2543.1,1700.4,1795.8,1587.4,1111.7,1037.2,2224.2,5413.7,1738.4,1780.9,110,28,0,10,50,26.4,417
2021/04/03,18824,16009,2345,470,224,170.3,251,15,9,3,224,11,61,14,1308.5,2125.5,2589.5,1728.8,1821,1605.3,1125.2,1046.4,2227.2,5425,1763.7,1803,128,25,2,23,73,27.2,418
2021/04/04,19054,16079,2504,471,151,172,230,9,4,2,215,12,64,15,1325.8,2146.7,2625.4,1752.8,1840.3,1629.6,1137.8,1063.6,2227.2,5458.9,1785.9,1824.1,128,12,5,9,76,27.4,419
2021/04/05,19339,16218,2649,472,183,182.3,285,8,4,4,269,5,67,17,1345.8,2171.4,2678.7,1788.8,1864,1651.1,1155.5,1071.5,2233.2,5470.2,1812.6,1851.3,161,16,3,19,86,27.7,420
2021/04/06,19613,16356,2784,473,156,180.3,274,7,15,6,246,10,70,19,1368.5,2194.4,2719.5,1817.9,1890.7,1673.3,1182.4,1084.7,2239.1,5470.2,1837.7,1878.1,136,21,2,27,88,28.7,421
2021/04/07,19920,16522,2924,474,218,188.1,307,3,9,6,289,12,76,23,1391.3,2228,2768.5,1855.2,1917.4,1696.2,1206.8,1093.9,2245.1,5470.2,1866.1,1907.9,171,15,3,34,84,28.6,422
2021/04/08,20213,16644,3094,475,169,191.9,293,22,11,5,255,10,83,29,1412.2,2256.2,2818,1881.1,1950.1,1721.9,1223.6,1113.7,2251,5470.2,1893.5,1936,140,36,1,40,76,28.6,423
2021/04/09,20509,16786,3246,477,262,194.7,296,13,5,2,276,14,88,30,1434.9,2281.8,2862,1914.6,1980.5,1749.1,1242.9,1130.9,2260,5470.2,1920.7,1964.8,169,19,1,33,74,28.4,424
2021/04/10,20794,16905,3409,480,380,217,285,13,11,2,259,14,92,26,1457.6,2312.7,2899.1,1945.5,2005.7,1780.6,1258.1,1152,2271.9,5470.2,1947.6,1992,140,23,4,24,94,28.7,425
2021/04/11,21064,17036,3548,480,205,224.7,270,9,7,4,250,12,99,28,1478.5,2341.9,2933.8,1975.2,2032.4,1809.2,1275.7,1163.9,2277.9,5504.1,1973.5,2016.8,135,19,2,36,78,28.9,426
2021/04/12,21378,17256,3641,481,265,236.4,314,17,3,3,291,16,99,27,1501.3,2370.1,2986.4,2007.5,2066.5,1840,1294.2,1175.8,2277.9,5515.4,2002.6,2047.2,157,26,2,52,77,28.5,427
2021/04/13,21616,17463,3670,483,246,249.3,238,13,4,0,221,12,103,28,1520.4,2389.6,3021.7,2037.8,2085.8,1862.8,1308.5,1187.6,2289.8,5538,2027.9,2067.1,127,15,2,36,58,28.3,428
2021/04/14,21889,17661,3743,485,389,273.7,273,12,2,11,248,12,100,28,1536.7,2422.2,3061.3,2059.9,2118.5,1890,1325.3,1199.5,2310.7,5549.3,2056,2090.9,135,30,1,24,83,28.5,429
2021/04/15,22112,17879,3748,485,311,294,223,15,2,3,203,19,106,29,1551.3,2444.3,3091.1,2080.1,2148.9,1908.6,1343,1210.1,2325.6,5560.6,2079.7,2109.4,113,15,2,34,59,28.3,430
2021/04/16,22348,18074,3787,487,350,306.6,236,3,5,10,218,20,113,24,1577.7,2476.1,3125.1,2102.9,2172.6,1927.2,1354.8,1220.6,2325.6,5560.6,2101.7,2132.1,128,17,1,23,67,28.4,431
2021/04/17,22529,18305,3734,490,403,309.9,181,6,1,7,167,16,123,23,1590.4,2496.4,3149.3,2126.3,2191.9,1941.5,1364.9,1229.9,2331.5,5571.9,2119.3,2148.8,96,14,0,24,47,28.3,432
2021/04/18,22691,18525,3676,490,296,322.9,162,6,2,8,146,10,121,22,1603.1,2518.5,3166.6,2145.2,2206,1957.3,1378.3,1233.8,2340.5,5594.5,2134.6,2164.3,92,12,0,14,44,27.9,433
2021/04/19,22918,18812,3615,491,256,321.6,227,6,0,4,217,22,115,22,1620.4,2544.1,3192.6,2170.5,2230.5,1975.9,1397.7,1245.7,2352.4,5617.1,2157,2184.8,99,13,2,35,78,28.1,434
2021/04/20,23108,19112,3504,492,188,313.3,190,8,0,2,180,17,118,27,1634,2559.1,3221.7,2192.6,2252,1993.8,1409.4,1251,2364.3,5617.1,2176.5,2201.2,101,9,1,23,56,27.9,435
2021/04/21,23303,19404,3406,493,207,287.3,195,4,5,2,184,12,110,25,1658.6,2585.6,3244.6,2211.6,2273.5,2010.9,1418.7,1254.9,2376.3,5617.1,2196.6,2218.1,97,10,2,25,61,28.1,436
2021/04/22,23479,19682,3301,496,239,277,176,8,4,4,160,14,106,22,1672.2,2603.3,3270,2233,2288.3,2026,1433,1264.2,2379.2,5617.1,2211.8,2236.2,88,14,0,22,52,28.4,437
2021/04/23,23687,19962,3226,499,190,254.1,208,7,9,8,184,21,112,29,1695,2632.4,3297.9,2257.1,2302.4,2043.8,1444.8,1269.4,2388.2,5639.7,2231.7,2255.7,101,22,0,20,65,28.9,438
2021/04/24,23842,20237,3105,500,227,229,155,3,2,2,148,18,118,31,1706.8,2646.5,3323.3,2276,2316.5,2057.4,1453.2,1277.4,2391.2,5639.7,2248,2269,83,6,0,13,53,28.8,439
2021/04/25,23991,20512,2974,505,139,206.6,149,2,4,6,137,21,124,30,1717.7,2657.1,3346.8,2296.2,2332.1,2070.3,1462.4,1282.6,2394.2,5639.7,2263.8,2281.2,63,10,6,14,56,29.2,440
2021/04/26,24153,20806,2837,510,172,194.6,162,4,4,7,147,11,122,31,1730.4,2667.7,3373.4,2314.6,2345.4,2089.6,1470.8,1290.6,2397.1,5662.3,2282.4,2293.5,71,15,1,20,55,30.1,441
2021/04/27,24314,21061,2742,511,189,194.7,161,3,4,5,149,10,119,31,1745,2688.9,3391.4,2329.7,2364.7,2103.2,1484.3,1298.5,2400.1,5662.3,2299,2307.5,88,13,3,16,41,30.3,442
2021/04/28,24480,21328,2639,513,187,191.9,166,2,2,7,155,13,114,27,1760.4,2709.2,3411.2,2350.6,2378.1,2119.7,1492.7,1307.7,2406.1,5673.6,2316,2322,93,10,3,11,49,30.2,443
2021/04/29,24606,21550,2543,513,159,180.4,126,2,4,7,113,13,112,29,1766.8,2729.5,3429.1,2360.7,2392.2,2130.4,1496.9,1320.9,2409.1,5684.9,2329.3,2332.6,60,11,4,14,37,30.5,444
2021/04/30,24759,21791,2452,516,178,178.7,153,4,7,3,139,13,109,27,1776.8,2749.8,3457,2372.1,2404.8,2147.6,1505.3,1326.2,2409.1,5696.2,2341.8,2349,82,12,2,11,46,30.7,445
2021/05/01,24883,21966,2397,520,136,165.7,124,3,3,5,113,7,110,29,1790.4,2765.7,3470.6,2381.5,2422.6,2156.9,1514.6,1332.8,2412,5696.2,2354.2,2360.2,66,13,4,9,32,30.8,446
2021/05/02,24979,22125,2334,520,128,164.1,96,0,2,4,90,8,108,27,1795.9,2774.6,3485.5,2393.5,2432.2,2166.2,1519.6,1336.7,2418,5696.2,2363.7,2369,50,6,2,9,29,31,447
2021/05/03,25085,22346,2216,523,102,154.1,106,3,0,3,100,10,98,22,1804.1,2786.9,3498.5,2406.8,2443.3,2176.2,1525.5,1342,2421,5696.2,2373.1,2379.4,58,7,0,10,31,30.6,448
2021/05/04,25191,22545,2122,524,141,147.3,106,1,3,2,100,9,95,23,1819.5,2800.2,3515.8,2419.5,2452.2,2181.9,1529.7,1343.3,2421,5696.2,2382.2,2390.4,67,5,3,11,20,30.1,449
2021/05/05,25273,22740,2008,525,114,136.9,82,1,4,2,75,8,89,23,1830.4,2809.9,3525.1,2426.4,2463.4,2189.1,1533.1,1348.6,2421,5696.2,2390.3,2397.8,46,8,1,11,16,29.5,450
2021/05/06,25378,22916,1935,527,122,131.6,105,3,5,6,91,12,88,22,1844.1,2823.1,3539.4,2440.3,2474.5,2196.9,1533.1,1351.3,2427,5696.2,2400.4,2407.5,59,10,0,7,29,29.4,451
2021/05/07,25491,23123,1838,530,108,121.6,113,5,1,4,103,19,95,23,1854.1,2841.7,3550.5,2451,2486.4,2208.4,1541.5,1353.9,2432.9,5696.2,2411.4,2417.9,61,6,1,13,32,29.2,452
2021/05/08,25581,23282,1765,534,135,121.4,90,1,0,3,86,4,86,21,1860.5,2850.5,3561,2459.9,2493.8,2220.5,1545.7,1356.5,2450.8,5718.8,2419.1,2427.1,58,5,1,6,20,28.3,453
2021/05/09,25664,23425,1702,537,69,113,83,0,0,5,78,4,83,22,1863.2,2868.2,3573.4,2467.5,2503.4,2225.5,1547.3,1360.5,2459.7,5718.8,2428.4,2433.4,46,5,2,5,25,27.6,454
2021/05/10,25757,23585,1634,538,82,110.1,93,4,1,2,86,9,85,22,1869.5,2889.4,3584.6,2473.2,2513.8,2229.8,1554.1,1367.1,2462.7,5730.1,2439.8,2439.5,42,7,1,14,29,27.2,455
2021/05/11,25889,23747,1602,540,124,107.7,132,1,2,6,123,5,79,21,1881.4,2912.3,3605,2487.1,2524.2,2239.1,1558.3,1371.1,2471.7,5730.1,2452,2452.4,81,11,2,8,30,27,456
2021/05/12,25986,23903,1542,541,117,108.1,97,3,1,3,90,8,80,22,1892.3,2929.1,3620.5,2492.7,2533.1,2245.6,1563.3,1376.3,2474.7,5730.1,2459.5,2463,58,8,1,9,21,26.4,457
2021/05/13,26079,24024,1514,541,78,101.9,93,1,1,1,90,7,77,20,1900.5,2942.3,3632.2,2502.9,2543.5,2252.7,1568.4,1379,2477.6,5741.4,2467.8,2472.1,50,3,0,10,30,26.5,458
2021/05/14,26163,24186,1436,541,128,104.7,84,2,2,5,75,7,70,21,1905,2947.6,3645.9,2513,2556.1,2259.9,1573.4,1380.3,2480.6,5741.4,2476.3,2479.4,37,7,2,5,33,26.9,459
2021/05/15,26238,24309,1387,542,85,97.6,75,2,1,8,64,7,64,19,1908.7,2952.1,3656.4,2520.6,2567.2,2267,1577.6,1388.2,2480.6,5752.7,2483.4,2486.5,36,14,1,4,20,26.9,460
2021/05/16,26307,24405,1359,543,47,94.4,69,2,1,3,63,7,67,19,1915,2958.2,3668.2,2528.1,2573.2,2274.2,1580.1,1389.5,2486.6,5752.7,2490,2493,40,5,1,2,21,26.9,461
2021/05/17,26381,24510,1326,545,88,95.3,74,7,3,5,59,10,71,19,1921.4,2966.2,3675,2537,2578.3,2282.8,1583.5,1398.8,2495.5,5752.7,2497.2,2499.9,30,14,2,8,20,26.7,462
2021/05/18,26460,24620,1294,546,97,91.4,79,1,1,6,71,5,64,16,1932.3,2977.7,3688,2542.7,2585,2287.1,1586,1400.1,2504.5,5775.3,2503.3,2508.6,46,8,1,5,19,27.2,463
2021/05/19,26531,24702,1279,550,91,87.7,71,2,0,5,64,4,57,14,1942.3,2986.5,3694.8,2547.7,2593.2,2296.4,1587.7,1404,2507.5,5786.6,2509.1,2516.1,35,6,0,10,20,27.7,464
2021/05/20,26591,24804,1234,553,73,87,60,5,2,8,45,11,63,15,1945,2992.7,3702.8,2554.7,2598.4,2300.7,1595.3,1406.7,2510.4,5797.9,2515.5,2521.1,22,13,4,7,14,27.5,465
2021/05/21,26672,24921,1197,554,77,79.7,81,4,3,11,63,3,59,13,1957.8,3001.5,3710.3,2561.6,2604.3,2307.8,1602.9,1410.6,2516.4,5820.5,2522.1,2529.9,44,17,0,3,17,27,466
2021/05/22,26731,25009,1164,558,78,78.7,59,0,0,14,45,8,58,15,1964.1,3006.8,3720.2,2565.4,2611,2313.5,1607.1,1412,2519.4,5820.5,2527.1,2536,24,14,4,3,14,27.2,467
2021/05/23,26786,25087,1140,559,39,77.6,55,0,0,4,51,5,59,12,1972.3,3017.4,3726.4,2571.1,2616.2,2315.7,1608.7,1414.6,2522.4,5820.5,2533.9,2539.7,33,4,1,2,15,27,468
2021/05/24,26838,25182,1095,561,65,74.3,52,2,0,11,39,5,57,11,1974.1,3020.9,3733.8,2579.3,2622.9,2320,1611.3,1417.2,2525.3,5820.5,2540,2543.3,26,11,1,4,10,26.3,469
2021/05/25,26901,25306,1032,563,56,68.4,63,1,1,13,48,3,54,11,1978.7,3027.1,3741.8,2589.4,2631,2324.3,1612.9,1418.6,2531.3,5820.5,2545.8,2549.2,28,15,2,8,10,26.1,470
2021/05/26,26957,25401,990,566,78,66.6,56,1,0,11,44,1,47,8,1986.9,3032.4,3749.9,2596.4,2633.2,2328.6,1615.5,1421.2,2531.3,5854.4,2551.1,2554.6,26,12,0,7,11,26.2,471
2021/05/27,27001,25494,941,566,62,65,44,0,1,8,35,3,42,9,1989.6,3040.4,3757.9,2598.9,2638.4,2330.7,1618,1421.2,2534.3,5865.7,2556.3,2557.8,23,9,1,1,10,25.4,472
2021/05/28,27037,25576,892,569,67,63.6,36,0,4,2,30,1,34,7,1995,3043.9,3759.8,2604.6,2642.9,2332.9,1619.7,1421.2,2543.2,5865.7,2558.8,2562.1,16,5,0,4,11,24.3,473
2021/05/29,27072,25649,852,571,46,59,35,0,1,3,31,4,36,9,1999.6,3048.3,3762.9,2609,2645.1,2335.7,1622.2,1425.2,2543.2,5865.7,2562.3,2565.2,14,3,1,6,11,24.3,474
2021/05/30,27099,25722,804,573,45,59.9,27,0,2,3,22,5,36,8,2003.2,3051,3765.4,2612.8,2646.6,2338.6,1622.2,1429.1,2543.2,5877,2565.2,2567.5,15,4,0,0,8,24,475
2021/05/31,27148,25800,772,576,40,56.3,49,1,6,2,40,5,35,6,2012.3,3058.9,3770.9,2617.9,2650.3,2341.4,1623.9,1430.4,2546.2,5877,2569.8,2572.1,27,8,0,1,13,23.9,476
2021/06/01,27190,25876,737,577,38,53.7,42,1,0,5,36,2,31,5,2017.8,3061.6,3776.5,2622.9,2655.5,2345.7,1625.6,1431.8,2546.2,5877,2574.6,2574.9,16,6,1,5,14,24.4,477
2021/06/02,27221,25946,698,577,50,49.7,31,0,1,1,29,1,30,6,2018.7,3065.1,3783.9,2624.2,2658.5,2350,1625.6,1431.8,2552.2,5877,2577.7,2577.7,17,3,1,3,7,23.9,478
2021/06/03,27265,26003,685,577,48,47.7,44,2,0,4,38,2,29,5,2025,3073.9,3788.9,2629.9,2662.2,2351.5,1627.2,1431.8,2555.2,5877,2581.2,2582.6,24,6,0,4,10,23.9,479
2021/06/04,27295,26079,637,579,45,44.6,30,0,3,0,27,3,29,6,2027.8,3080.1,3793.2,2633,2666.6,2352.2,1628.1,1431.8,2555.2,5877,2582.9,2586.5,17,3,1,5,4,23.8,480
2021/06/05,27316,26128,606,582,39,43.6,21,1,0,0,20,2,30,4,2030.5,3082.8,3796.3,2635.6,2668.1,2353.6,1629.8,1431.8,2555.2,5877,2584.7,2588.7,12,1,1,3,4,23.6,481
2021/06/06,27333,26194,557,582,22,40.3,17,0,0,1,16,2,28,4,2031.4,3084.5,3799.4,2638.1,2669.6,2353.6,1631.4,1433.1,2555.2,5877,2586.8,2589.8,6,2,0,2,7,23.8,482
2021/06/07,27359,26252,524,583,17,37,26,0,0,3,23,1,27,4,2032.3,3088,3803.1,2643.1,2671.1,2354.3,1634.8,1433.1,2555.2,5877,2589.3,2592.2,10,3,0,1,12,25.3,483
2021/06/08,27389,26316,489,584,29,35.7,30,0,1,2,27,1,26,3,2033.2,3092.5,3806.9,2646.9,2675.5,2355.7,1637.3,1434.4,2555.2,5877,2591.2,2596,16,3,0,0,11,27.3,484
2021/06/09,27415,26368,462,585,33,33.3,26,0,2,0,24,2,24,4,2036.9,3100.4,3810,2648.8,2677,2355.7,1638.2,1437,2555.2,5877,2593.9,2598.2,18,1,0,2,5,27.7,485
2021/06/10,27439,26407,447,585,21,29.4,24,1,0,0,23,2,22,5,2042.3,3105.7,3814.9,2649.5,2678.5,2356.5,1638.2,1437,2555.2,5877,2596.3,2600.4,16,1,0,3,4,27.6,486
2021/06/11,27461,26442,434,585,36,28.1,22,0,1,1,20,1,16,4,2043.2,3110.1,3818,2650.1,2681.5,2360.8,1638.2,1437,2555.2,5877,2598.4,2602.5,9,2,2,2,7,27.6,487
2021/06/12,27475,26486,404,585,31,27,14,0,0,0,14,2,17,6,2045,3113.7,3819.9,2651.4,2682.2,2361.5,1638.2,1438.4,2555.2,5877,2599.5,2604,6,1,0,1,6,27.8,488
2021/06/13,27487,26517,385,585,18,26.4,12,0,1,0,11,2,16,5,2050.5,3113.7,3819.9,2652.6,2682.9,2362.9,1639,1438.4,2555.2,5877,2600.3,2605.5,7,1,0,3,1,27.1,489
2021/06/14,27499,26571,342,586,22,27.1,12,1,0,1,10,2,15,4,2051.4,3114.5,3821.1,2653.9,2684.4,2365,1639.9,1438.4,2555.2,5877,2601.7,2606.4,4,2,1,4,1,26.5,490
2021/06/15,27513,26611,316,586,22,26.1,14,0,0,0,14,0,15,4,2054.1,3116.3,3823.6,2655.1,2685.2,2365.8,1640.7,1438.4,2555.2,5877,2603.8,2606.9,2,0,0,11,1,24.8,491
2021/06/16,27513,26645,282,586,19,24.1,,0,0,0,,0,14,4,2054.1,3116.3,3823.6,2655.1,2685.2,2365.8,1640.7,1438.4,2555.2,5877,2603.8,2606.9,0,0,0,0,0,25,492
