Date,Burrard at Cornwall,Canada Line Bridge at West Kent,Comox at Thurlow,Dunsmuir Viaduct,East 10th at Clark,Hornby and Robson,Lions Gate Bridge at Spirit Trail,Ontario and 11th,Point Grey at Stephens,Point Grey at Volunteer Park,Seawall 2nd Beach Pool,Seawall at Creekside Community Centre,Seawall at David Lam Park,Seawall at Harbour Green Park,Seawall at HMS Discovery,Seawall at Science World,Smithe at Expo,Stephens at Point Grey,Union at Hawks
"August 1, 2018",8584,907,1339,3461,2739,3599,2631,2527,3381,4162,5165,0,5274,3581,5308,8789,1479,1043,5386
"August 2, 2018",6883,885,1023,3095,2511,3040,2274,2261,2386,2996,5044,0,3846,3184,5175,7678,1402,841,4797
"August 3, 2018",5504,683,871,2484,2087,2574,1672,1949,1970,2305,4692,0,3405,2824,4807,6686,1191,619,3745
"August 4, 2018",7213,1028,1016,1462,1889,1940,2748,1881,4112,4565,7988,0,6813,4554,7986,8419,651,835,3605
"August 5, 2018",6939,849,936,1406,1453,1681,2260,1598,3717,4343,6545,0,6527,4341,6561,7687,631,849,3328
"August 6, 2018",5908,987,793,1179,1420,1578,2191,1482,4252,5015,8253,0,6159,4367,7963,7389,533,1017,2912
"August 7, 2018",7571,802,1078,3054,2521,3198,2409,2397,3021,3657,5780,0,4748,3421,5486,8234,1393,951,4830
"August 8, 2018",7694,856,1100,3129,2632,3129,2471,2512,3198,4073,5482,0,4551,3486,5308,8498,1432,1075,4929
"August 9, 2018",7545,864,1115,3036,2497,3138,2339,2351,3121,3835,5251,0,4539,3292,5253,8107,1370,999,4848
"August 10, 2018",6779,695,1035,2569,2283,2917,1983,2039,2695,3289,5904,0,4329,3688,5875,7548,1229,844,4238
"August 11, 2018",4290,697,673,980,1643,1310,1360,1294,2009,2332,4377,0,2998,2407,4381,4785,533,526,2363
"August 12, 2018",4859,728,690,992,1436,1322,2151,1127,2469,2844,5638,0,3973,2906,5781,5318,582,590,2309
"August 13, 2018",6530,757,996,2878,2405,2929,2151,2115,2185,2737,4817,0,3561,2903,4974,7220,1290,748,4344
"August 14, 2018",6972,736,1113,3101,2503,3123,2074,2181,2372,2907,4913,0,4062,2884,4635,7651,1311,818,4697
"August 15, 2018",6554,723,1010,3095,2559,3121,1950,2360,2381,3013,4612,0,3733,2800,4634,7473,1797,880,4885
"August 16, 2018",6915,845,1036,2977,2485,3002,2072,2388,2559,3111,4907,0,4234,3153,5021,8142,1316,862,4744
"August 17, 2018",6310,741,1018,2678,2239,2807,1914,2063,2464,3028,5567,0,4402,3351,5550,7543,1173,714,4353
"August 18, 2018",5400,972,722,1268,1728,1558,2096,1717,2563,3047,5869,0,4622,3346,6144,6606,608,711,4757
"August 19, 2018",4714,806,711,1020,1461,1363,1773,1392,2272,2774,6054,0,4458,3252,6142,5694,484,632,2391
"August 20, 2018",5135,571,847,2426,1961,2482,1396,1771,1688,2060,3886,0,2858,2409,4073,6081,1116,557,3735
"August 21, 2018",5786,564,895,2603,2051,2722,1731,1911,1999,2486,4175,0,3254,2477,4013,6355,1406,626,3879
"August 22, 2018",5464,561,915,2611,2037,2624,1617,1896,1698,2107,3471,0,2673,2268,3611,6095,1192,618,3859
"August 23, 2018",4833,565,867,2378,1831,2446,1375,1702,1329,1765,2640,0,2268,1846,2767,5345,1085,583,3474
"August 24, 2018",5350,642,867,2244,1895,2488,1625,1818,1943,2358,4365,0,3263,2633,4380,6319,1046,641,3669
"August 25, 2018",1794,303,314,571,719,712,595,604,543,677,1138,0,879,650,1217,1837,630,176,1148
"August 26, 2018",3202,443,553,757,973,952,1073,888,1572,1859,3301,0,2338,1618,3347,3488,354,505,1584
"August 27, 2018",6565,813,929,2896,2376,2894,2434,2331,2683,3293,5753,0,4621,3230,5677,8067,1258,866,4529
"August 28, 2018",6937,867,998,3170,2505,2929,1910,2297,2626,3341,5052,0,4265,2972,4754,7938,1277,957,4874
"August 29, 2018",4761,598,790,2510,2013,2278,977,1900,1501,1967,2233,0,2254,1565,2261,5434,1096,595,3847
"August 30, 2018",5829,724,906,2730,2151,2551,1413,2050,1979,2534,3735,0,3213,2499,3799,6608,1201,726,4360
"August 31, 2018",5186,664,901,2457,2009,2382,1433,1878,1921,2361,3876,0,3093,2543,3976,6291,1065,641,3864
"September 1, 2018",4775,841,694,1167,1526,1450,1596,1445,2418,2808,6051,0,4199,3090,6048,5943,599,561,2905
"September 2, 2018",5170,982,803,1086,1416,1442,1733,1372,3111,3649,6710,0,5541,3736,6564,7216,513,755,2791
"September 3, 2018",5358,999,702,1087,1471,1375,1581,1483,3371,3988,6247,0,5588,3240,6083,7093,538,877,2941
"September 4, 2018",6051,842,845,3180,2688,2744,1286,2258,2116,2753,3117,0,3393,2178,3054,6961,1291,759,4882
"September 5, 2018",6846,868,1001,3303,2872,2936,1344,2407,2424,3191,3259,0,3623,2362,3224,7520,1384,959,5134
"September 6, 2018",6931,785,1069,3247,2852,2915,1815,2465,2492,3164,3929,0,4010,2589,3877,7844,1332,958,5236
"September 7, 2018",4346,446,742,2284,1756,2242,1672,1501,1034,1293,1759,0,1808,1901,3389,4496,978,351,3436
"September 8, 2018",3999,374,656,1153,1147,1179,1444,996,1304,1503,2388,0,2217,2487,6133,3399,542,370,1855
"September 9, 2018",1662,123,320,625,498,437,910,438,408,482,514,0,765,1088,2811,1381,207,133,909
"September 10, 2018",2853,340,447,1772,1326,1386,813,1181,640,934,769,0,1000,668,887,3069,722,328,2459
"September 11, 2018",3901,491,662,2268,1783,1904,731,1541,1068,1507,1698,0,1650,1137,1714,4305,893,537,3306
"September 12, 2018",4686,578,760,2548,2176,2192,1102,1820,1363,1829,2142,0,2218,1662,2245,5281,1205,566,4035
"September 13, 2018",4298,594,705,2389,1913,2087,1410,1771,1129,1587,1637,0,1711,1295,1681,4587,1012,531,3504
"September 14, 2018",3758,469,677,2006,1746,1872,1655,1506,1045,1407,1946,0,1668,1252,1953,4272,962,409,2986
"September 15, 2018",1790,248,359,572,760,565,1154,847,624,764,1088,0,1164,642,1146,3932,338,229,1367
"September 16, 2018",1176,139,285,405,471,432,915,452,408,519,772,0,678,446,792,1320,229,140,838
"September 17, 2018",4962,742,746,2595,2205,2189,2122,1827,1587,2111,3023,0,2763,1898,3043,5692,1161,571,3902
"September 18, 2018",5833,757,833,2893,2391,2555,1941,2041,1901,2480,2859,0,3021,1842,2799,6477,1180,761,4603
"September 19, 2018",5108,687,802,2772,2352,2401,1963,2009,1460,2018,2412,0,2413,1595,2444,5954,1173,650,4320
"September 20, 2018",2840,358,455,1885,1405,1544,1625,1153,603,860,672,0,822,600,753,2933,765,295,2639
"September 21, 2018",2087,220,383,1338,987,1283,1469,824,396,563,618,0,650,511,709,2204,608,209,1959
"September 22, 2018",1610,259,312,581,775,623,1284,609,644,793,1092,0,972,658,1394,1809,286,226,1058
"September 23, 2018",2856,472,430,652,1001,904,1239,922,1358,1612,2989,0,2226,1548,2958,3365,378,374,1590
"September 24, 2018",5115,763,774,2678,2333,2413,1033,1908,1597,2116,2717,0,2778,1720,2872,5977,1133,631,4219
"September 25, 2018",5541,764,856,3049,2408,2486,1799,2005,1663,2228,2560,0,2976,1783,2548,6458,1290,714,4426
"September 26, 2018",5525,721,831,2984,2402,2524,1434,2093,1715,2314,2354,0,2814,1690,2395,6246,1251,712,4391
"September 27, 2018",5376,708,751,2849,2346,2343,1802,2013,1597,2101,2574,0,2813,1854,2632,6098,1196,655,4265
"September 28, 2018",5192,647,788,2539,2266,2410,1789,1953,1837,2377,3221,0,3271,2175,3201,6563,1108,641,3956
"September 29, 2018",3530,642,550,929,1264,1115,1297,1092,1461,1818,3115,0,2281,1824,3196,3755,481,437,2076
"September 30, 2018",620,89,151,304,343,265,114,237,130,179,117,0,259,132,137,633,116,68,523
"October 1, 2018",2523,275,415,1554,1246,1260,829,1085,525,807,717,0,920,553,739,2823,650,296,2238
"October 2, 2018",3722,471,621,2377,1881,1993,1261,1522,799,1195,1177,0,1458,981,1360,4160,1002,447,3245
"October 3, 2018",4118,535,655,2424,1950,2144,1457,1595,914,1308,1113,0,1457,963,1181,4519,1026,482,3427
"October 4, 2018",4661,565,713,2501,2007,2283,1617,1713,1283,1761,2053,0,2104,1475,2105,5102,1094,584,3498
"October 5, 2018",2541,284,463,1641,1245,1419,871,1112,560,792,799,0,894,706,829,2841,952,247,2275
"October 6, 2018",3643,608,474,920,1229,1018,1483,1035,1704,2077,4141,0,3009,2131,4217,4172,409,476,2031
"October 7, 2018",703,66,164,362,401,280,171,279,243,259,300,0,305,283,355,807,142,47,543
"October 8, 2018",1362,183,266,437,517,443,410,435,514,592,1036,0,800,620,1086,1448,210,144,851
"October 9, 2018",4578,585,700,2654,2068,2162,1663,1691,1319,1837,1865,0,2189,1303,1939,5098,1138,541,3787
"October 10, 2018",4889,689,691,2752,2381,2352,1728,1879,1365,1801,1587,0,2260,1325,1599,5541,1190,528,4028
"October 11, 2018",4979,568,665,2658,2244,2387,1778,1795,1293,1800,1737,0,2143,1322,1742,5297,1119,568,3790
"October 12, 2018",4123,505,663,2405,1930,2186,1601,1618,995,1311,1610,0,1978,1256,1721,4800,1040,436,3488
"October 13, 2018",4147,698,559,1077,1517,1181,1623,1300,2274,2623,3786,0,3467,2009,3768,5037,526,513,2431
"October 14, 2018",4039,820,553,934,1448,989,1553,1269,2219,2654,3735,0,3749,1811,3645,5124,457,598,2340
"October 15, 2018",4626,583,707,2528,2176,2159,1745,1723,1195,1708,1640,0,2169,1287,1664,5357,1085,535,3743
"October 16, 2018",4919,626,766,2825,2255,2367,1886,1868,1323,1821,1667,0,2402,1349,1643,5573,1116,585,3988
"October 17, 2018",4936,639,727,2746,2226,2459,1706,1903,1356,1813,1616,0,2375,1501,1626,5651,1165,585,4043
"October 18, 2018",4551,610,695,2674,2191,2281,1552,1770,1193,1582,1502,0,1998,1261,1573,5094,1072,490,3784
"October 19, 2018",4430,549,711,2327,1996,2234,1554,1705,1367,1729,2277,0,2411,1589,2370,5422,1035,484,3644
"October 20, 2018",3989,586,511,1017,1399,1085,1564,1274,1707,2018,3314,0,3176,1829,3292,4759,526,491,2275
"October 21, 2018",3772,678,526,891,1376,941,1441,1253,1982,2363,3727,0,3481,1947,3573,4962,438,572,2223
"October 22, 2018",4614,553,682,2583,2168,2230,1727,1798,1219,1739,1768,0,2278,1237,1815,5318,1084,555,3831
"October 23, 2018",3935,513,604,2507,1933,2139,1455,1564,909,1357,838,0,1386,890,854,4218,1031,490,3463
"October 24, 2018",3505,375,602,2167,1740,1864,1165,1391,768,1123,806,0,1233,796,868,3838,908,390,3134
"October 25, 2018",2285,229,397,1636,1187,1332,740,990,392,618,172,0,593,286,177,2592,666,236,2180
"October 26, 2018",3173,362,559,1945,1466,1650,1001,1254,781,1073,1051,0,1387,859,1088,3640,790,326,2722
"October 27, 2018",2990,599,496,885,1170,910,1260,945,1264,1468,2133,0,1987,1235,2184,3085,395,346,1647
"October 28, 2018",979,135,226,441,494,360,197,420,269,341,433,0,477,269,453,1121,227,101,783
"October 29, 2018",2523,324,405,1769,1270,1356,939,1068,466,757,266,0,691,412,328,2603,892,302,2250
"October 30, 2018",3188,400,486,2106,1547,1766,1139,1327,661,985,313,0,960,582,566,3411,821,341,2713
"October 31, 2018",2315,230,387,1614,1193,1294,842,1004,390,608,99,0,613,323,189,2890,593,255,2145
"November 1, 2018",1827,215,304,1359,1040,1069,604,814,288,459,31,0,409,213,61,1935,504,173,1841
"November 2, 2018",3477,471,549,2059,1577,1759,1216,1451,919,1305,673,0,1489,949,1366,4082,814,403,3035
"November 3, 2018",850,112,140,329,377,293,138,332,227,263,96,0,241,88,105,824,155,59,615
"November 4, 2018",3046,573,450,799,1099,753,1083,1028,1535,1864,2263,0,2331,1212,2337,3521,388,465,1785
"November 5, 2018",3399,410,504,2057,1611,1749,1215,1348,710,1094,175,0,1053,584,450,3568,877,414,2911
"November 6, 2018",3876,521,597,2322,1916,1992,1323,1491,920,1354,321,0,1384,741,707,4293,964,459,3216
"November 7, 2018",3884,498,582,2410,1954,1988,1513,1552,947,1328,353,0,1538,829,795,4382,996,454,3277
"November 8, 2018",3457,432,513,2081,1602,1824,1253,1332,782,1153,292,0,1110,697,584,3636,836,400,2842
"November 9, 2018",1955,203,375,1358,970,1104,618,839,360,496,111,0,561,388,259,2235,631,178,1814
"November 10, 2018",2632,547,369,775,1042,763,1010,998,1127,1327,1922,0,2103,1035,2088,3097,390,302,1625
"November 11, 2018",2220,390,343,616,882,737,762,678,1035,1175,1659,0,1600,1066,1783,2580,275,253,1309
"November 12, 2018",2431,465,353,746,834,705,830,811,1116,1305,1724,0,1911,908,1832,2922,354,301,1492
"November 13, 2018",2850,323,474,1815,1359,1553,966,1153,573,855,172,0,871,478,402,3063,748,288,2371
"November 14, 2018",2366,281,396,1467,1205,1248,624,983,464,706,120,0,737,346,260,2652,832,240,2049
"November 15, 2018",2146,237,334,1426,1086,1166,660,914,368,562,33,0,484,253,59,2184,573,231,2050
"November 16, 2018",3372,408,501,1848,1615,1588,1165,1321,875,1191,963,0,1458,724,1004,3788,804,346,2907
"November 17, 2018",2672,529,392,860,1200,854,1037,1124,1177,1435,1804,0,2006,891,1858,3444,360,342,2324
"November 18, 2018",2447,565,367,755,1077,662,870,935,1109,1327,1539,0,2018,809,1559,3310,347,307,1977
"November 19, 2018",3393,410,508,1919,1554,1649,1193,1303,744,1045,763,0,1360,692,802,3855,853,326,2741
"November 20, 2018",3255,384,501,2020,1530,1767,1136,1245,703,1035,580,0,1170,683,669,3600,858,357,2758
"November 21, 2018",1892,219,309,1398,993,1044,658,840,282,470,51,0,444,241,72,2022,552,181,1825
"November 22, 2018",2038,219,309,1420,1011,1097,650,971,352,546,242,0,535,315,272,2250,559,217,1838
"November 23, 2018",2035,223,325,1277,885,1178,579,817,350,535,342,0,634,359,372,2117,543,184,1749
"November 24, 2018",1403,224,282,580,604,521,381,521,471,583,464,0,639,389,549,51,274,151,1012
"November 25, 2018",965,184,216,371,464,360,292,384,330,415,391,0,427,267,416,926,163,116,754
"November 26, 2018",1419,141,237,993,683,764,522,615,211,366,31,0,272,166,31,1431,359,148,1313
"November 27, 2018",2343,253,361,1515,1115,1243,777,960,549,758,431,0,801,417,411,2491,604,270,2126
"November 28, 2018",2257,303,345,1578,1170,1258,803,985,380,605,148,0,567,305,165,2442,651,222,2132
"November 29, 2018",2650,361,399,1771,1389,1438,982,1157,590,873,419,0,945,500,443,3150,700,302,2532
"November 30, 2018",2122,220,349,1329,972,1178,681,887,395,563,220,0,614,316,268,2221,585,196,1846
"December 1, 2018",1807,330,268,661,889,554,563,741,657,820,840,0,1056,549,866,2125,301,248,1270
"December 2, 2018",1968,361,284,615,745,561,614,640,859,1029,1107,0,1445,548,1035,2232,258,265,1170
"December 3, 2018",2719,303,402,1638,1307,1412,956,1066,575,783,443,0,945,424,459,3038,701,245,2111
"December 4, 2018",2565,281,411,1618,1203,1409,806,1057,512,749,357,0,928,418,410,2949,708,255,2308
"December 5, 2018",2384,242,407,1575,1151,1346,765,951,493,689,341,0,817,417,370,2712,667,220,2193
"December 6, 2018",2316,251,440,1371,1078,1348,660,872,467,678,307,0,760,385,361,2585,626,226,1841
"December 7, 2018",1940,185,379,1255,866,1192,569,769,417,548,347,0,709,355,401,2166,522,163,1678
"December 8, 2018",832,146,209,381,487,362,170,334,232,296,199,0,379,194,229,964,178,74,680
"December 9, 2018",434,73,135,194,237,206,65,187,138,165,56,0,132,76,54,464,98,46,352
"December 10, 2018",2269,269,368,1489,1109,1282,791,959,481,731,358,0,778,424,365,2575,575,283,1960
"December 11, 2018",1454,170,242,1126,762,908,538,654,237,405,49,0,334,190,48,1544,427,164,1393
"December 12, 2018",2005,237,347,1383,985,1152,690,880,359,543,199,0,585,336,229,2233,565,209,1815
"December 13, 2018",1165,104,190,820,566,729,399,495,161,278,19,0,224,121,21,1205,324,113,1099
"December 14, 2018",1720,185,313,1129,845,1115,522,767,374,507,253,0,566,336,301,1940,468,166,1567
"December 15, 2018",1485,251,270,553,660,503,391,546,549,653,591,0,775,352,610,1415,210,186,1008
"December 16, 2018",565,92,137,287,345,239,98,236,153,214,148,0,223,113,130,642,125,65,498
"December 17, 2018",1877,219,308,1210,922,1077,681,842,412,594,306,0,533,303,336,2090,534,197,1683
"December 18, 2018",1668,190,308,1183,854,990,473,763,293,469,210,0,443,284,224,1853,441,189,1594
"December 19, 2018",1941,215,345,1344,1000,1040,665,863,377,512,254,0,563,322,282,2143,539,198,1763
"December 20, 2018",1386,138,287,1041,692,888,388,591,250,365,97,0,368,278,249,1583,396,137,1384
"December 21, 2018",1963,247,321,1155,906,1083,638,799,468,614,631,0,787,508,691,2100,428,186,1681
"December 22, 2018",581,90,141,268,299,268,134,270,160,190,195,0,237,127,201,670,132,56,492
"December 23, 2018",402,65,107,215,211,173,81,169,110,147,97,0,163,95,107,416,99,48,342
"December 24, 2018",1182,194,186,547,481,426,341,377,416,506,791,0,706,340,760,1215,192,137,867
"December 25, 2018",563,165,121,144,198,179,152,144,281,339,726,0,571,293,725,595,51,94,299
"December 26, 2018",433,54,91,203,176,170,93,164,104,145,100,0,181,108,125,372,100,40,330
"December 27, 2018",1316,300,250,679,562,615,384,466,439,492,1030,0,692,482,1077,1379,271,137,1004
"December 28, 2018",514,71,141,407,293,354,144,213,91,119,35,0,122,58,49,551,141,32,558
"December 29, 2018",548,92,117,236,291,230,138,232,220,261,302,0,422,222,358,662,110,61,396
"December 30, 2018",1541,412,225,415,532,449,512,467,719,840,2180,0,1314,842,2274,1683,178,182,865
"December 31, 2018",1379,214,240,602,594,573,380,535,505,594,1474,0,1041,677,1593,1788,263,167,1003
"January 1, 2019",1145,230,177,306,341,289,311,337,482,605,1093,0,1018,465,1146,1274,122,153,555
"January 2, 2019",1394,163,236,1019,698,779,484,586,258,396,210,0,386,239,238,1504,412,149,1245
"January 3, 2019",887,108,155,748,447,617,436,418,123,217,28,0,204,110,25,976,278,91,940
"January 4, 2019",1483,159,261,1087,715,880,426,704,335,466,336,0,555,370,372,1766,396,155,1355
"January 5, 2019",1561,325,259,439,693,436,480,579,756,922,1182,0,1029,665,1211,1639,226,220,966
"January 6, 2019",1240,194,224,420,518,427,272,521,633,781,861,0,866,535,840,1408,198,184,824
"January 7, 2019",2660,385,387,1803,1284,1396,978,1092,648,933,549,0,1069,572,738,2993,671,329,2387
"January 8, 2019",1882,218,316,1402,970,1124,617,812,341,554,158,0,466,263,202,2060,575,209,1816
"January 9, 2019",1803,197,311,1397,923,1076,608,828,317,516,155,0,461,262,186,2003,522,210,1805
"January 10, 2019",2347,222,358,1553,1129,1306,738,953,431,677,297,0,719,365,307,2408,578,253,2104
"January 11, 2019",2501,323,399,1627,1241,1343,868,1027,658,928,659,0,1004,546,662,2800,629,329,2266
"January 12, 2019",2377,473,358,675,1007,688,821,874,1156,1375,1867,0,1897,1,1854,2878,298,298,1599
"January 13, 2019",2636,616,289,666,985,650,967,866,1493,1775,2214,0,2506,0,2221,3514,301,407,1709
"January 14, 2019",2802,297,437,1745,1380,1395,1050,1139,586,863,498,0,1032,0,536,3079,688,299,2388
"January 15, 2019",2544,268,412,1534,1230,1343,877,998,633,880,597,0,982,0,621,2800,627,263,2147
"January 16, 2019",2444,291,405,1576,1248,1366,850,1039,567,762,475,0,968,0,521,2730,652,234,2158
"January 17, 2019",1971,227,338,1392,1067,1170,643,936,401,608,248,0,608,0,249,2202,553,210,1846
"January 18, 2019",1953,194,299,1240,945,1150,559,870,417,604,348,0,680,0,392,2200,502,189,1763
"January 19, 2019",1618,316,266,599,723,562,389,645,672,816,1044,0,1143,0,1106,1888,269,208,1162
"January 20, 2019",2061,498,288,604,873,566,755,718,950,1164,1327,0,1497,0,1371,2285,247,265,1334
"January 21, 2019",2638,311,398,1721,1322,1401,932,1069,593,858,766,0,1016,0,770,2988,674,285,2348
"January 22, 2019",1723,205,271,1247,891,1010,564,786,296,487,43,0,378,0,47,1790,542,184,1601
"January 23, 2019",2524,291,377,1702,1279,1322,832,1041,487,783,428,0,741,0,463,2757,697,322,2274
"January 24, 2019",2506,308,391,1701,1293,1390,856,1063,522,800,509,0,791,0,432,2708,642,289,2299
"January 25, 2019",2346,266,376,1570,1213,1302,874,1046,598,824,620,0,890,0,663,2825,619,243,2206
"January 26, 2019",1893,411,292,732,827,594,652,737,796,977,1114,0,1124,0,1122,1986,393,233,1424
"January 27, 2019",1829,451,270,583,718,508,594,664,865,1089,1414,0,1509,0,1399,2229,252,262,1247
"January 28, 2019",2849,346,417,1767,1429,1367,1005,1137,699,1007,703,0,1154,0,700,3093,710,353,2372
"January 29, 2019",3046,320,427,1775,1449,1463,984,1190,717,1025,731,0,1245,0,758,3223,747,338,2447
"January 30, 2019",2760,324,419,1722,1355,1382,875,1150,614,887,424,0,958,0,471,2913,743,298,2149
"January 31, 2019",2373,251,411,1615,1095,1298,791,997,490,723,307,0,764,0,330,2548,647,282,1908
"February 1, 2019",1217,123,222,959,646,776,402,573,215,323,48,0,261,0,55,1354,379,129,1168
"February 2, 2019",1881,426,314,577,777,627,670,731,866,1101,1410,0,1366,0,1483,2192,245,264,1323
"February 3, 2019",538,64,150,250,245,242,62,217,168,201,143,0,260,0,175,583,128,37,451
"February 4, 2019",906,87,231,756,535,666,234,347,196,274,224,0,347,0,263,1170,309,85,957
"February 5, 2019",1450,129,279,962,694,896,393,579,292,429,282,0,501,0,301,1672,382,147,1328
"February 6, 2019",1607,140,275,1121,792,956,471,687,353,481,325,0,574,0,357,1903,455,157,1480
"February 7, 2019",1709,162,310,1203,815,970,453,730,367,499,288,0,544,0,355,1980,556,162,1541
"February 8, 2019",1229,94,201,838,588,757,280,514,244,334,194,0,372,0,217,1482,367,119,1124
"February 9, 2019",1147,143,200,438,457,442,224,432,460,553,711,0,742,0,723,1382,200,139,837
"February 10, 2019",477,86,106,241,189,197,91,152,157,196,138,0,281,0,194,548,79,58,337
"February 11, 2019",356,25,94,357,189,327,89,105,37,64,12,0,89,0,49,420,106,34,378
"February 12, 2019",207,27,62,264,163,197,66,78,23,34,14,0,76,0,14,255,60,10,267
"February 13, 2019",428,44,95,406,249,390,79,115,55,63,39,0,140,0,66,513,414,13,445
"February 14, 2019",503,71,120,503,329,480,126,194,75,66,25,0,158,0,87,665,159,23,556
"February 15, 2019",448,37,124,409,322,437,97,159,52,62,7,0,142,0,28,557,150,19,452
"February 16, 2019",792,94,190,349,480,386,175,261,230,285,200,0,508,0,608,925,145,66,711
"February 17, 2019",1268,214,286,413,544,440,403,342,484,593,637,0,1224,0,1798,1688,167,159,822
"February 18, 2019",1042,120,207,396,395,384,308,327,362,415,294,0,678,0,975,1133,176,82,702
"February 19, 2019",1155,84,217,859,537,782,311,453,193,280,34,0,289,0,97,1290,353,93,1163
"February 20, 2019",1928,180,322,1282,874,1107,597,684,446,585,271,0,860,0,728,2321,521,200,1707
"February 21, 2019",2137,229,356,1309,1041,1222,647,777,486,642,281,0,914,0,892,2481,702,195,1912
"February 22, 2019",815,79,182,718,351,605,183,337,132,158,39,0,240,0,73,1043,276,46,841
"February 23, 2019",662,67,163,322,289,297,105,239,196,267,89,0,323,0,212,719,139,89,499
"February 24, 2019",1631,385,238,443,647,483,540,583,784,985,541,0,1355,0,1466,2053,200,228,1000
"February 25, 2019",2255,251,339,1375,963,1224,672,914,510,723,500,0,964,0,579,2646,546,235,1916
"February 26, 2019",2405,219,359,1428,1105,1276,664,940,560,766,489,0,811,0,529,2541,618,244,1903
"February 27, 2019",1991,205,312,1350,995,1148,589,821,362,573,273,0,600,0,303,2252,573,230,1780
"February 28, 2019",2076,198,337,1384,1015,1151,544,844,457,646,264,0,682,0,425,2368,559,234,1816
"March 1, 2019",2246,270,339,1362,1043,1230,747,952,570,762,352,0,992,0,847,2673,571,198,1898
"March 2, 2019",2207,465,257,681,888,714,741,791,1016,1207,758,0,1649,0,1837,2703,304,297,1486
"March 3, 2019",2009,419,273,620,730,604,701,679,1011,1137,713,0,1645,0,1693,2434,265,272,1298
"March 4, 2019",2565,312,395,1572,1182,1305,916,1129,649,910,261,0,1106,396,749,3097,630,300,2181
"March 5, 2019",2566,296,396,1626,1255,1426,851,1023,625,860,267,1171,1031,556,663,2878,685,302,2215
"March 6, 2019",2010,216,344,1411,972,1160,620,813,349,502,76,705,561,297,237,2201,566,189,1837
"March 7, 2019",1714,136,291,1090,697,1021,407,588,349,494,89,626,434,242,205,1690,441,161,1378
"March 8, 2019",1949,172,337,1077,759,1012,462,687,500,667,300,881,854,492,721,2135,515,204,1409
"March 9, 2019",2156,455,353,595,895,589,703,765,1096,1269,925,1686,1800,940,1991,2807,326,286,1531
"March 10, 2019",2199,472,300,575,798,570,866,800,1186,1399,858,1953,1994,994,1972,2998,268,305,1476
"March 11, 2019",1703,179,281,1222,822,939,553,704,330,456,80,658,448,255,212,1849,614,154,1569
"March 12, 2019",2393,246,424,1492,1078,1319,691,973,608,846,251,1095,983,509,552,2625,668,276,1999
"March 13, 2019",2818,356,438,1723,1307,1422,995,1126,705,979,290,0,1053,527,724,3120,705,319,2362
"March 14, 2019",2278,269,352,1469,1052,1197,691,930,423,634,172,855,650,376,570,2371,672,241,1876
"March 15, 2019",2591,315,400,1715,1342,1411,906,1087,688,890,483,1369,1243,782,972,3139,701,279,2144
"March 16, 2019",2823,537,430,888,1132,809,1108,1159,1503,1792,2391,2386,2444,1181,2462,3755,357,417,2083
"March 17, 2019",3885,795,461,862,1240,847,1541,1260,2501,2953,3865,3929,4051,1683,3825,5374,346,683,2456
"March 18, 2019",4005,519,555,2104,1784,1685,1377,1565,1411,1782,2426,2584,2680,1235,2451,5038,840,534,3283
"March 19, 2019",4563,618,646,2397,1993,1845,1748,1740,1650,2183,2648,3045,3359,1520,2517,5895,981,675,3761
"March 20, 2019",4634,615,628,2308,2001,1884,1598,1742,1728,2202,2525,0,3000,1439,2451,5722,955,632,3658
"March 21, 2019",4488,558,627,2362,1960,1965,1496,1759,1539,1956,2303,0,2727,1511,2336,5374,925,596,3464
"March 22, 2019",3375,340,496,1774,1460,1754,1053,1257,991,1253,1727,1897,1835,1021,1794,3931,743,402,2714
"March 23, 2019",2963,521,459,854,1155,908,976,1051,1446,1693,2986,2371,2674,1465,3018,3712,392,427,1935
"March 24, 2019",2998,581,431,771,1057,834,1086,1076,1504,1773,2756,2249,2412,1405,2815,3676,350,423,1818
"March 25, 2019",3261,396,488,1829,1409,1536,1045,1260,842,1164,1387,1485,1397,909,1477,3690,797,352,2605
"March 26, 2019",2590,320,444,1494,1196,1318,678,1026,748,984,751,1204,1172,548,757,3053,639,312,2204
"March 27, 2019",4729,633,630,2370,1913,1941,1650,1675,1558,1985,2568,2782,2827,1327,2608,5627,967,615,3682
"March 28, 2019",4199,565,579,2242,1839,1875,1331,1606,1231,1660,2070,2326,2449,1158,2133,5069,914,513,3369
"March 29, 2019",4422,542,619,2033,1798,1957,1423,1584,1538,1944,2804,2839,2862,1588,2888,5350,882,621,3277
"March 30, 2019",4798,894,567,988,1632,1067,1760,1538,2870,3397,4777,4539,4718,2332,4723,6428,492,735,2860
"March 31, 2019",4280,886,492,967,1608,1031,1692,1508,2867,3445,4320,4576,4597,2177,4129,6361,475,727,2460
"April 1, 2019",4961,655,664,2608,2191,2159,1786,1880,1672,2073,2055,2925,3000,1276,1999,6126,1089,601,4135
"April 2, 2019",4939,725,634,2745,2258,2216,1911,1885,1432,1913,1698,2598,2596,1216,1714,5853,1108,628,4256
"April 3, 2019",1945,210,335,1423,1065,1021,623,864,380,573,190,812,618,290,228,2305,509,206,1959
"April 4, 2019",4045,509,585,2240,1790,1898,1364,1648,1240,1640,1592,2062,2062,1026,1556,4613,932,523,3448
"April 5, 2019",2110,201,355,1375,1013,1180,611,904,379,567,438,873,713,441,466,2411,595,217,1918
"April 6, 2019",973,134,212,397,518,378,209,382,329,445,360,498,475,275,411,1156,186,135,836
"April 7, 2019",2714,1268,331,726,1039,740,1032,1139,1489,1818,2367,2134,2301,1305,2383,3362,338,465,1711
"April 8, 2019",3114,370,467,2104,1580,1690,1143,1324,646,953,526,1264,1042,545,575,3466,1159,320,2795
"April 9, 2019",4671,573,615,2481,1947,2062,1764,1765,1406,1925,1758,2308,2369,1174,1775,5175,1017,584,3620
"April 10, 2019",2797,326,379,1653,1394,1439,1009,1158,667,884,442,1202,1060,548,450,3067,723,290,2515
"April 11, 2019",2214,256,347,1607,1142,1245,798,953,396,599,139,717,573,300,209,2382,600,236,2096
"April 12, 2019",4451,622,586,2253,1885,2009,1723,1780,1550,2019,2748,2733,2751,1609,2779,5585,975,548,3718
"April 13, 2019",962,134,209,408,586,387,189,408,354,442,480,614,530,275,489,1245,186,138,823
"April 14, 2019",2511,616,419,838,1147,723,893,1114,1158,1482,1625,1755,1588,936,1785,2942,350,432,1626
"April 15, 2019",4240,512,595,2421,2013,2049,1513,1674,1138,1526,1812,2130,2033,1250,1875,4881,1017,493,3402
"April 16, 2019",3575,449,528,2215,1676,1863,1254,1453,838,1194,1056,1463,1187,853,1057,3895,914,394,2977
"April 17, 2019",3197,392,482,1960,1614,1641,1065,1293,763,1174,943,1370,1162,858,1000,3611,888,417,2761
"April 18, 2019",1324,160,237,982,800,756,441,666,218,347,81,442,344,187,109,1487,389,129,1390
"April 19, 2019",2404,404,375,722,934,792,853,897,1246,1490,2815,2310,2477,1467,2955,3529,371,393,1648
"April 20, 2019",5135,1072,734,993,1824,1381,2075,1451,2597,3068,5059,3979,4970,2915,5059,5949,490,649,2762
"April 21, 2019",3354,613,402,713,1129,744,1493,893,1820,2199,3794,2504,2803,1759,3750,3735,335,467,1813
"April 22, 2019",1057,127,190,671,437,569,331,426,214,292,174,430,328,176,177,1201,269,106,993
"April 23, 2019",4042,591,601,2189,1881,1844,1437,1615,1207,1661,1791,2103,2090,1211,1766,4680,998,546,3229
"April 24, 2019",5156,655,699,2801,2438,2321,2035,1964,1675,2229,2328,2869,2904,1678,2384,6087,1191,679,4317
"April 25, 2019",4927,671,679,2609,2270,2175,1724,1896,1356,1888,1630,0,2012,1328,1745,5175,1078,632,3855
"April 26, 2019",4378,589,686,2428,1972,2153,1642,1704,1261,1687,2034,0,2291,1650,2184,5147,1011,517,3810
"April 27, 2019",3120,540,482,893,1334,891,1257,1079,1269,1506,1276,2141,2099,1701,2645,3749,490,360,2169
"April 28, 2019",4689,1080,521,1066,1599,1108,2194,1343,2733,3372,2819,4226,4232,2328,4201,6005,502,762,2780
"April 29, 2019",4952,675,703,2612,2193,2198,1845,1828,1566,2027,2405,2717,2504,1643,2511,5654,1146,647,4019
"April 30, 2019",5872,690,751,2882,2499,2462,2034,2251,1802,2465,2669,3091,3161,1888,2566,6598,1181,759,4444
"May 1, 2019",5552,705,792,2863,2481,2302,2089,2093,1769,2386,2624,2794,2725,1886,2602,6221,1172,757,4395
"May 2, 2019",4614,686,631,2550,2066,2084,1611,1784,1150,1590,1487,1966,1817,1267,1650,4921,1030,557,3770
"May 3, 2019",4495,587,634,2388,1950,2316,1547,1728,1222,1595,2041,2060,1899,1393,2212,4741,992,494,3498
"May 4, 2019",4948,823,659,1105,1822,1355,2033,1677,2564,3073,4119,3726,3825,2378,4149,5795,597,770,2902
"May 5, 2019",5179,1205,701,1339,1872,1510,1837,1821,2464,2635,2898,4677,4564,2422,2754,6869,619,842,3152
"May 6, 2019",5545,706,774,2956,2563,2425,2108,2204,1673,2299,2559,3117,3152,1771,2531,6415,1176,795,4404
"May 7, 2019",6276,815,785,3166,2771,2651,2359,2416,2049,2787,2635,3471,3425,1792,2420,7081,1295,885,5033
"May 8, 2019",6431,792,843,3151,2802,2695,2258,2449,2175,2953,2441,3442,3442,1863,2384,7205,1299,936,4706
"May 9, 2019",6467,842,828,3069,2694,2569,2296,2409,2317,3087,2865,3711,3714,2069,2772,7486,1286,905,5005
"May 10, 2019",6296,779,874,2819,2590,2564,2129,2358,2611,3257,3527,4086,4282,2276,3367,7703,1375,831,4851
"May 11, 2019",5917,1020,690,1222,1984,1352,2632,1979,3617,4289,5255,5106,5360,3085,5004,7441,619,961,3407
"May 12, 2019",4194,747,547,912,1391,1000,1778,1336,2248,2663,3731,3392,3568,2190,3734,4945,478,604,2288
"May 13, 2019",5595,712,762,2918,2456,2495,2137,2110,1486,1986,2020,2801,2624,1687,2072,6191,1218,655,4351
"May 14, 2019",2500,271,384,1672,1223,1331,850,1020,488,740,164,801,626,372,240,2524,631,270,2191
"May 15, 2019",5686,712,788,2767,2517,2475,2103,2098,1692,2327,2088,2822,2702,1728,2147,6050,1177,752,4440
"May 16, 2019",4927,615,743,2559,2270,2426,1596,1995,1359,1874,1648,2549,2237,1494,1738,5549,1067,646,3998
"May 17, 2019",3705,444,611,1913,1645,1823,1085,1515,1057,1416,1605,2134,1999,1177,1626,4621,792,432,3120
"May 18, 2019",5379,947,604,991,1846,1190,2233,1587,2852,3257,5483,4697,4943,3031,5430,6753,464,669,2959
"May 19, 2019",5277,978,583,1021,1695,1089,2105,1634,3622,4301,6054,5473,5839,3249,5858,7588,486,909,2952
"May 20, 2019",1181,173,216,420,472,397,393,391,377,433,499,672,660,332,523,1248,187,111,743
"May 21, 2019",4873,640,677,2584,2105,2272,1737,1840,1383,1906,1929,2546,2281,1607,1966,5561,1056,630,4076
"May 22, 2019",6922,867,905,3194,2939,2786,2470,2478,2708,3449,3053,3836,3856,2204,2974,7583,1317,1011,5140
"May 23, 2019",6839,942,923,3280,2812,2904,2411,2515,2573,3340,3109,4155,4119,2173,2990,7833,1306,948,5330
"May 24, 2019",4154,529,632,2211,1973,2062,1338,1611,1069,1383,1473,2033,1788,1144,1541,4673,979,442,3562
"May 25, 2019",1446,171,286,524,629,546,452,504,565,677,784,1003,847,566,832,1689,244,208,1007
"May 26, 2019",7042,1365,726,1152,1929,1356,3117,2022,4800,5568,7376,6188,6511,3802,7036,8315,637,1101,3501
"May 27, 2019",7041,957,938,3276,2921,2785,2622,2535,2767,3555,4388,4232,4501,2621,4206,8239,1344,973,5465
"May 28, 2019",6758,894,907,3288,2929,2848,2531,2474,2168,2926,2717,3533,3329,1847,2472,7532,1346,935,5288
"May 29, 2019",6604,945,916,3336,3022,2857,2655,2499,2245,2900,2593,3452,3278,1952,2548,7275,1418,841,5228
"May 30, 2019",6707,941,924,3309,2837,2882,2482,2606,2352,3069,2940,3770,3690,2531,2958,7581,1369,943,5276
"May 31, 2019",6772,924,1007,2968,2807,2776,2265,2530,2587,3191,3866,4559,4399,2754,3694,8729,1310,842,5104
"June 1, 2019",6385,987,719,1333,2254,1430,2642,2035,3878,4636,5283,5329,5504,2956,5010,7855,610,1022,3722
"June 2, 2019",5858,1100,685,1179,1993,1415,2529,1847,3832,4598,5260,5200,5263,3063,5170,7365,584,985,3298
"June 3, 2019",6251,754,814,3157,2751,2672,2201,2372,2088,2749,2862,3395,3339,2021,2823,7146,1313,818,4839
"June 4, 2019",7044,823,974,3488,2930,3018,2554,2611,2313,3085,3454,3811,3716,2246,3109,7962,1394,960,5369
"June 5, 2019",4589,520,647,2477,2044,2293,1251,1779,1151,1643,1383,1924,1621,1223,1464,4798,1043,594,3478
"June 6, 2019",6125,812,871,3021,2642,2603,1998,2226,1869,2442,2909,3180,2853,1920,2972,6683,1550,781,4699
"June 7, 2019",4312,469,640,1921,1826,1979,1041,1591,1153,1501,1892,2001,1898,1344,2000,4414,1012,501,2868
"June 8, 2019",4893,886,566,1103,1783,1192,2140,1631,2484,2910,4330,3535,3582,2277,4410,5563,535,631,2842
"June 9, 2019",5018,1018,692,1164,2349,1205,2245,1722,2943,3484,4746,4225,4315,2638,4878,6468,529,775,3501
"June 10, 2019",6193,816,853,2943,2610,2618,2053,2247,2080,2731,3058,3336,3273,2249,3116,6970,1218,811,2825
"June 11, 2019",7631,925,980,3453,2984,3192,2587,2683,3158,4070,4532,4629,4880,2727,3947,8762,1501,1094,3876
"June 12, 2019",7542,878,990,3451,3049,2978,2744,2560,3022,3789,3544,4247,4388,2619,3342,8290,1424,1090,5301
"June 13, 2019",6927,794,892,3261,2915,2999,2430,2452,2581,3353,3361,3711,3746,2326,3314,7756,1333,1014,5207
"June 14, 2019",5747,727,857,2732,2280,2497,1925,2110,2051,2507,3316,3006,3000,2220,3285,6265,1161,708,4336
"June 15, 2019",6239,1079,728,1400,2064,1648,2564,2247,3708,4413,5847,5096,5509,3178,5559,7717,694,985,3621
"June 16, 2019",5757,868,665,1098,2401,1275,2349,2039,3916,4676,6018,5071,5661,3176,5689,7592,585,972,3101
"June 17, 2019",6866,843,923,3114,2696,2875,2238,2464,2493,3137,3619,3990,4017,2595,3653,7967,1336,940,4879
"June 18, 2019",7358,880,1027,3471,3040,3063,2539,2794,2386,3195,3901,3806,4095,2615,3587,7852,1502,1022,5364
"June 19, 2019",6629,748,934,3211,2822,2975,2436,2393,2026,2719,2802,3178,2813,2191,2998,6942,1373,890,4870
"June 20, 2019",6184,761,909,2850,2537,2798,2130,2361,2103,2718,2936,2987,2785,2150,3084,6590,1274,849,4493
"June 21, 2019",6293,859,932,2560,2468,2746,1978,2228,2347,2902,4225,0,3988,2749,4161,7494,1195,864,4449
"June 22, 2019",4903,951,627,1382,1783,1493,2024,1750,2699,3124,5008,0,3726,2618,5021,6232,598,711,3496
"June 23, 2019",4061,1473,543,1072,1308,1367,1398,1595,1826,2019,3617,0,2892,2130,3662,4320,496,484,2454
"June 24, 2019",4974,585,768,2530,2101,2343,1614,1717,1673,2197,2753,0,2600,1882,2862,5637,1083,676,3727
"June 25, 2019",7567,998,1041,3333,2889,3204,2741,2637,2706,3583,4792,0,4425,2970,4452,8430,1431,1128,5215
"June 26, 2019",6988,902,964,3063,2790,3049,2463,2489,2429,3214,3847,3728,3568,2606,3878,7677,1338,982,4893
"June 27, 2019",3458,354,560,1833,1544,1632,857,1398,1130,1483,1569,0,1430,1216,1599,3843,775,424,2711
"June 28, 2019",4420,539,729,2098,1777,2045,1307,1506,1419,1778,2741,0,2110,1849,2790,4720,862,524,3145
"June 29, 2019",5568,926,647,1082,1641,1379,2345,1670,2984,3439,6504,0,5570,3382,6568,7095,524,735,3163
"June 30, 2019",6416,1019,699,1142,1629,1517,2431,1975,4365,5161,7979,0,7104,4429,7831,8709,592,996,3540
"July 1, 2019",7000,1126,733,1269,1792,1816,2292,1974,4823,5645,6405,0,6411,3443,6574,8701,600,1145,3334
"July 2, 2019",4105,488,607,1907,1602,1924,1286,1532,1305,1760,2527,2121,1956,1683,2632,4423,841,580,2951
"July 3, 2019",6571,801,845,2887,2501,2713,2450,2164,2265,3024,4215,0,3180,2668,4330,7080,1318,1005,4547
"July 4, 2019",6204,833,880,2930,2366,2735,2177,2197,2035,2661,4736,3407,3194,2864,4887,6892,1312,844,4593
"July 5, 2019",3832,483,686,1999,1647,1917,1144,1372,1095,1387,2629,1805,1635,1645,2833,4105,867,446,3014
"July 6, 2019",4933,851,584,920,1443,1089,1684,1387,1667,2070,4498,2970,2767,2571,4785,4654,455,562,2216
"July 7, 2019",2567,345,392,659,953,675,636,816,1040,1208,2242,1765,2075,1231,2318,3037,336,270,1529
"July 8, 2019",7272,857,937,3115,2560,2886,2614,2410,2869,3580,5779,4260,4368,3426,5870,7959,1361,975,4898
"July 9, 2019",6986,918,972,3206,2627,2787,2539,2475,2529,3233,4885,3928,3563,3069,4962,7628,1362,849,5045
"July 10, 2019",3792,388,637,2063,1657,1826,955,1618,997,1277,1270,1862,1456,1226,1373,4509,908,430,3072
"July 11, 2019",6533,791,930,2879,2454,2742,2024,2255,2461,3110,4688,3959,3696,2757,4815,7513,1277,936,4624
"July 12, 2019",6755,840,939,2730,2325,2714,2061,2163,2669,3185,5869,4643,4254,3540,5829,7941,1170,773,4351
"July 13, 2019",6009,874,780,1272,1755,1552,2375,1759,3566,4195,6798,5168,5163,3535,6520,7447,607,846,3411
"July 14, 2019",5369,937,705,1160,1417,1502,1837,1604,2973,3484,6357,4572,4741,3317,6322,6490,517,726,2895
"July 15, 2019",6952,793,996,3012,2549,2947,2240,2430,2822,3597,5494,4365,4583,3235,5526,8160,1346,973,4583
"July 16, 2019",8032,910,954,3370,2938,3142,2705,2711,2965,3869,5861,4370,4709,3441,5532,8535,1444,1145,5211
"July 17, 2019",2952,286,473,1573,1398,1356,842,1259,868,1147,1288,0,1321,782,1289,3438,724,437,2218
"July 18, 2019",7221,865,1071,2975,2611,2960,2364,2515,2676,3368,5006,3939,4105,3224,5207,7804,1406,943,4688
"July 19, 2019",6713,773,937,2630,2375,2720,2175,2236,2997,3740,5274,0,4123,3424,5460,7664,1242,1025,4462
"July 20, 2019",6692,985,768,1308,1938,1654,2542,1987,5124,6550,7268,5748,5845,3980,7337,8303,621,1494,3618
"July 21, 2019",6964,925,817,1208,1720,1609,2260,1879,5484,6686,7845,0,6690,4038,7343,7990,517,1462,3235
"July 22, 2019",7104,853,942,3043,2628,2937,2172,2556,2756,3402,5357,0,4299,3391,5374,8186,1357,939,4777
"July 23, 2019",7613,948,1058,3282,2824,3210,2550,2774,2720,3559,5505,4156,4419,3347,5261,8468,1476,1029,5206
"July 24, 2019",6950,841,976,3080,2628,2991,2260,2533,2427,3175,4652,0,3658,2984,4759,7543,1436,983,4650
"July 25, 2019",7607,980,1069,3117,2689,3250,2368,2627,3050,3814,5653,0,4582,3569,5701,8456,1435,1112,5082
"July 26, 2019",6811,814,962,2777,2429,3037,2111,2282,2578,3225,5696,4269,4547,3618,5607,8041,1251,899,4481
"July 27, 2019",6753,945,982,1266,1824,1767,2301,1902,3802,4553,7065,5508,6107,4361,6904,8348,651,977,3767
"July 28, 2019",6778,1041,835,1247,1730,1758,2559,1737,4495,5454,8006,5824,6409,4263,7615,8065,641,1119,3173
"July 29, 2019",7161,857,1010,3025,2487,3032,2334,2417,2898,3696,5716,4399,4363,3630,5724,8058,1353,1010,4611
"July 30, 2019",7108,817,1010,3091,2631,3141,2385,2359,2368,3015,5030,3816,3722,3290,4977,7733,1408,898,4713
"July 31, 2019",8258,842,1204,3248,2782,3217,2651,2620,3360,4155,4855,4710,5217,3391,4957,8860,1471,1082,5184
"August 1, 2019",6484,794,995,2964,2360,2896,1963,2252,2090,2739,4625,3626,3295,2986,4653,7317,1316,830,4428
"August 2, 2019",5355,594,917,2234,1974,2371,1370,1868,2039,2432,4475,3555,3382,2873,4537,6502,1051,580,3455
"August 3, 2019",7222,1132,1026,1433,1879,2090,2728,1951,4282,5034,8051,5777,6748,4478,7802,8514,609,1070,3793
"August 4, 2019",6554,1010,1024,1330,1522,1697,2083,1739,3712,4337,6593,4915,6627,4075,6533,7733,638,846,3307
"August 5, 2019",6029,914,772,1086,1470,1395,2195,1598,4267,5067,8126,5806,6219,4186,7805,7609,527,1026,2933
"August 6, 2019",7327,842,1026,2961,2497,3202,2386,2317,2836,3532,5926,4376,4527,3525,5703,8306,1328,983,4648
"August 7, 2019",7647,904,1018,3195,2781,3276,2492,2615,3127,3884,5542,0,4644,3718,5480,8733,1417,1079,4951
"August 8, 2019",7152,847,1055,3089,2534,3057,2220,2529,2647,3337,5555,3977,4248,3518,5625,7965,1359,961,4633
"August 9, 2019",6293,752,874,2479,2274,2818,1911,2193,2183,2685,5230,3666,3502,3188,5422,6910,1143,731,4077
"August 10, 2019",4306,772,606,959,1626,1258,1808,1460,1953,2330,4799,2751,2888,2560,4934,4633,467,569,2276
"August 11, 2019",2450,268,450,680,869,858,1018,819,1172,1385,2691,1754,1688,1468,2865,2716,336,259,1454
"August 12, 2019",6639,710,993,2843,2422,2875,2254,2308,2588,3262,5602,4081,4082,3417,5746,7784,1308,948,4167
"August 13, 2019",7565,909,1061,3160,2764,3256,2459,2562,2877,3674,5573,4258,4560,3289,5390,8410,1445,1011,5048
"August 14, 2019",7799,904,1067,3183,2760,3149,2535,789,3263,4138,5131,4709,4930,3321,5066,8920,1568,1121,4893
"August 15, 2019",7563,901,1083,3070,2714,3299,2312,0,3044,3708,5274,4535,4722,3340,5239,8812,1361,982,4910
"August 16, 2019",5942,728,931,2518,2092,2746,1879,0,1940,2383,4415,3261,3148,2722,4597,6587,1173,606,3992
"August 17, 2019",4802,918,648,1258,1622,1557,1623,0,2118,2596,4751,3752,3732,2257,5483,6008,649,628,2875
"August 18, 2019",5501,900,724,1042,1595,1336,2011,0,3213,3802,7048,4680,4990,3503,6859,6710,514,838,2761
"August 19, 2019",6459,801,948,2873,2382,2770,2203,0,2343,2996,4894,3717,3876,3064,4895,7666,1286,893,4375
"August 20, 2019",7511,811,1070,3249,2586,3150,2410,0,2623,3482,5241,4047,4317,3201,5071,8080,1331,1045,5192
"August 21, 2019",3066,339,471,1724,1267,1465,946,0,706,1119,667,1227,1012,642,813,3222,754,421,2453
"August 22, 2019",6813,910,992,2891,2443,2834,2339,0,2484,3262,5497,4041,4005,3137,5538,7842,1238,959,4619
"August 23, 2019",4460,520,742,2030,1813,2069,1450,0,1363,1694,3172,2358,2314,1971,3223,5251,916,474,3322
"August 24, 2019",5247,859,639,1156,1641,1457,2125,0,2612,3162,6451,4180,4503,3303,6292,6259,552,648,4769
"August 25, 2019",5565,871,733,1088,1591,1356,2124,0,3309,4036,6730,4918,5166,3493,6710,7081,549,918,3116
"August 26, 2019",6563,772,898,2992,2426,2755,2279,0,2557,3273,4742,4065,4172,2813,4665,7890,1265,999,4571
"August 27, 2019",7432,906,903,3168,2672,2962,2568,0,2968,3734,5086,4359,4612,3063,4661,8490,1382,1036,5018
"August 28, 2019",7075,874,962,3164,2673,2959,2331,0,2757,3618,4423,4230,4426,2892,4269,8179,1325,1106,4938
"August 29, 2019",7025,898,948,2965,2560,2880,2395,2374,2692,3449,4507,4046,3837,2955,4505,7903,1291,973,4775
"August 30, 2019",4718,579,727,2127,1909,2257,1449,1663,1417,1872,2613,2445,2337,1900,2736,5205,937,603,3407
"August 31, 2019",4694,726,604,1074,1368,1452,1896,0,2317,2697,5862,3657,4108,3104,5888,5757,455,666,2551
"September 1, 2019",4394,731,603,1001,1415,1325,1559,0,2653,3201,6105,4305,4368,3230,5974,6164,461,714,2538
"September 2, 2019",6245,1146,785,1162,1674,1425,2544,0,4396,5422,7079,5997,6750,3696,6764,8102,538,1165,3270
"September 3, 2019",6718,762,905,3101,2706,2810,2375,0,2187,2898,3340,3589,3438,2301,3099,7287,1316,919,4678
"September 4, 2019",6954,797,1004,3311,2924,2967,2418,0,2519,3278,3005,3679,3459,2230,2951,7838,1346,1075,4908
"September 5, 2019",7042,779,1016,3293,2821,3076,2334,0,2465,3282,3516,3866,3780,2517,3480,8043,1399,1084,4895
"September 6, 2019",6940,770,935,2984,2496,3116,2292,0,2575,3342,4035,4000,4171,2635,3962,7797,1362,978,4730
"September 7, 2019",6596,848,719,1294,1791,1623,2154,0,2430,3077,4639,4041,5548,2775,4983,6725,657,764,3153
"September 8, 2019",2188,273,368,618,920,780,557,0,866,1088,1938,1707,1515,972,2005,2616,275,261,1333
"September 9, 2019",3592,488,531,1921,1676,1715,1150,0,810,1237,849,1440,1109,815,970,3462,829,448,2557
"September 10, 2019",5932,743,823,2902,2398,2452,1823,0,1903,2515,3107,3237,3129,2136,2999,6829,1230,770,4386
"September 11, 2019",5926,807,843,2974,2662,2571,2172,0,1678,2375,2577,2798,2618,1990,2713,6491,1306,811,4433
"September 12, 2019",2775,197,420,1714,1360,1419,818,0,538,811,566,1014,759,615,658,2877,728,323,2324
"September 13, 2019",2797,116,523,1613,1232,1496,896,0,722,983,1376,1256,1187,1021,1477,3070,677,308,2352
"September 14, 2019",1344,55,240,441,575,508,267,0,441,604,883,810,646,609,945,1537,382,162,920
"September 15, 2019",2204,105,376,503,730,641,397,0,1007,1147,2008,1395,1432,1074,1920,2369,275,316,1100
"September 16, 2019",4625,327,682,2466,1986,2167,1574,0,1149,1721,2108,0,1961,1482,2183,5022,1072,603,3465
"September 17, 2019",1972,75,332,1355,1092,1087,720,0,361,589,233,726,517,297,262,2194,566,225,1893
"September 18, 2019",5391,200,781,2680,2362,2771,1997,0,1674,2378,3076,2985,2899,1891,3067,6378,1166,775,4135
"September 19, 2019",4367,200,723,2497,2106,2497,1489,0,965,1455,1549,1878,1570,1289,1691,4659,1080,517,3531
"September 20, 2019",4631,169,756,2269,2061,2391,1572,0,1445,1889,2968,2766,2593,2047,3065,5498,1023,545,3581
"September 21, 2019",3772,254,552,1032,1439,1308,1342,0,1816,2263,3805,2773,2853,2217,3693,4465,440,576,2408
"September 22, 2019",613,11,152,293,327,363,168,0,152,223,195,366,293,193,259,756,133,78,546
"September 23, 2019",2628,109,392,1741,1341,1570,931,0,518,838,313,905,566,424,328,2668,808,339,2321
"September 24, 2019",4819,194,780,2444,2201,2591,1625,0,1360,2002,2640,2501,2482,1973,2677,5545,1042,666,3753
"September 25, 2019",4683,198,731,2520,2079,2475,1594,0,1170,1700,1649,2057,1712,1407,1839,5027,1282,617,3803
"September 26, 2019",4407,155,732,2439,1986,2449,1443,0,1120,1597,1843,2022,1775,1352,1892,4810,987,611,3490
"September 27, 2019",4210,141,658,2430,2301,2391,1359,1627,1120,1521,1447,1945,1507,1216,1582,4629,1036,480,3521
"September 28, 2019",4411,270,567,1083,1583,1509,1635,0,2045,2539,4445,3288,3171,2320,4487,5122,678,720,2521
"September 29, 2019",3297,198,490,869,1182,1175,1231,0,1681,2027,3163,2459,2537,1599,3124,4031,427,475,1941
"September 30, 2019",4918,235,718,2639,2133,2645,1736,0,1433,2054,2101,2520,2313,1666,2267,5612,1107,718,3928
"October 1, 2019",5039,232,734,2577,2325,2635,1713,0,1359,1982,1888,2237,2271,1390,1886,5511,1131,685,3900
"October 2, 2019",4321,184,686,2506,2084,2514,1453,0,1001,1546,1196,1817,1566,1069,1241,4628,1052,576,3654
"October 3, 2019",3036,117,554,1827,1515,1922,875,0,608,961,611,1191,926,565,638,3347,794,354,2616
"October 4, 2019",2747,121,517,1679,1374,1700,731,0,556,860,456,1036,780,506,544,2950,736,316,2395
"October 5, 2019",3737,241,561,1028,1522,1341,1412,0,1721,2098,3133,2779,2719,1627,3178,4525,589,500,2300
"October 6, 2019",2764,218,463,856,1138,1070,1106,0,1271,1585,2077,1935,1837,1253,2162,3428,409,358,2043
"October 7, 2019",2536,102,389,1575,1255,1557,748,0,489,773,273,806,598,395,311,2461,656,271,2110
"October 8, 2019",3996,180,649,2398,1929,2265,1381,0,899,1329,997,1584,1301,941,1080,4278,1040,462,3525
"October 9, 2019",4400,205,686,2395,2053,2380,1503,0,1182,1692,1418,2014,1772,1049,1470,4988,1087,527,3569
"October 10, 2019",4176,200,664,2296,1994,2445,1398,0,1085,1481,1503,1906,1685,1082,1551,4656,1069,487,3456
"October 11, 2019",3781,209,626,1980,1677,2221,1292,0,1077,1459,1951,1902,1752,1107,1957,4354,914,402,3184
"October 12, 2019",2073,150,368,444,800,922,671,0,764,967,1722,1270,1270,1032,1877,2314,291,249,1183
"October 13, 2019",2069,110,326,584,823,847,705,0,881,1069,2111,1417,1454,1196,2209,2299,294,231,1251
"October 14, 2019",2781,177,365,681,960,932,1025,0,1369,1728,2628,2255,2320,1231,2712,3216,309,417,1542
"October 15, 2019",2898,124,474,1880,1457,1712,974,0,574,922,384,1018,754,445,400,3033,770,355,2624
"October 16, 2019",2086,77,341,1486,1190,1351,713,0,362,618,199,0,479,285,215,2287,630,253,2018
"October 17, 2019",2123,77,349,1526,1120,1354,691,0,343,591,257,694,527,372,281,2239,617,255,2038
"October 18, 2019",2057,94,373,1412,1031,1333,694,0,382,603,346,787,611,383,414,2328,604,216,1943
"October 19, 2019",1541,69,283,533,761,714,366,0,503,651,850,874,796,471,965,1648,271,181,1086
"October 20, 2019",626,35,183,324,359,329,121,0,167,221,142,296,284,137,178,752,146,67,487
"October 21, 2019",1744,77,253,1229,988,1117,669,0,270,462,47,557,360,182,63,1773,500,199,1613
"October 22, 2019",3890,194,599,2245,1868,2220,1467,0,992,1498,1236,1957,1608,949,1275,4483,961,511,3241
"October 23, 2019",4298,199,708,2430,2056,2390,1668,0,1111,1684,1162,1908,1559,975,1204,4616,1022,564,3618
"October 24, 2019",3843,184,613,2328,1915,2360,1344,0,819,1224,998,1629,1298,832,1024,4073,1019,420,3255
"October 25, 2019",2820,125,510,2071,1231,2100,831,0,638,904,180,1280,906,608,386,3206,765,304,2583
"October 26, 2019",3453,236,470,955,1488,1149,1268,1198,1574,1985,2901,2214,2375,1251,2873,3788,442,505,2217
"October 27, 2019",3266,234,475,783,1182,995,1214,0,1764,2090,2488,2475,2558,1249,2537,3839,386,449,1934
"October 28, 2019",3909,180,569,2262,1881,2390,1376,0,927,1422,1131,1701,1463,832,1086,4235,1015,508,3165
"October 29, 2019",3985,195,624,2367,1952,2306,1377,0,921,1419,843,1673,1315,746,839,4289,1490,476,3303
"October 30, 2019",3825,0,589,2225,1908,2235,1309,0,840,1279,778,1500,1367,791,792,4099,957,453,3161
"October 31, 2019",3555,149,584,2153,1801,2158,1222,0,821,1249,732,1465,1185,715,780,3796,867,426,3021
"November 1, 2019",3753,159,588,2126,1662,2262,1216,1362,969,1336,901,1593,1328,832,951,3931,845,458,3065
"November 2, 2019",3089,224,418,912,1344,1065,1123,1148,1305,1580,2167,2315,2032,1134,2125,3681,407,409,1953
"November 3, 2019",2831,187,453,774,1124,967,925,0,1441,1691,1777,2151,2087,927,1831,3448,374,385,1658
"November 4, 2019",3819,175,593,2345,1837,2294,1454,0,832,1248,775,1503,1395,688,802,4099,1143,463,3377
"November 5, 2019",3846,164,623,2312,1985,2186,1387,0,815,1251,608,1525,1221,673,652,4163,972,476,3304
"November 6, 2019",3982,195,642,2383,2035,2326,1486,0,949,1379,728,1674,1357,760,735,4289,1180,474,3290
"November 7, 2019",3780,156,599,2210,1909,2188,1315,0,879,1316,665,1498,1203,715,679,3959,948,460,3163
"November 8, 2019",3529,149,581,1929,1592,2079,1277,0,822,1150,990,1577,1275,798,1020,3779,872,437,2775
"November 9, 2019",953,46,210,412,517,446,233,0,230,324,268,492,380,176,328,1037,185,128,730
"November 10, 2019",2261,156,327,701,878,840,829,0,957,1155,2170,1710,1696,1067,2200,2768,292,285,1548
"November 11, 2019",1933,137,335,563,829,910,619,0,816,1002,1292,1273,1264,715,1363,2271,334,263,1148
"November 12, 2019",2390,93,380,1632,1291,1444,835,0,402,646,150,844,543,303,154,2551,623,269,2332
"November 13, 2019",3778,161,608,0,1984,1975,1423,0,914,1322,902,1678,1353,785,972,4161,930,461,3328
"November 14, 2019",3517,158,577,0,1809,2034,1210,0,757,1112,704,1437,1210,616,722,3912,914,390,3221
"November 15, 2019",2236,103,419,0,1191,1322,719,0,485,691,367,990,729,379,431,2488,611,262,2168
"November 16, 2019",749,25,208,0,421,348,154,0,230,270,95,367,247,102,113,865,149,78,714
"November 17, 2019",929,53,244,0,524,423,165,0,403,506,399,600,565,290,410,1225,172,133,811
"November 18, 2019",2810,127,462,0,1375,1641,975,0,536,862,178,1005,753,450,364,2819,719,359,2433
"November 19, 2019",3542,176,571,0,1840,2023,1336,0,824,1246,521,1504,1278,665,651,3974,840,469,3154
"November 20, 2019",3812,211,570,0,1893,2076,1340,0,997,1410,489,1663,1410,766,718,4180,1188,463,3528
"November 21, 2019",3651,149,601,0,1739,2125,1309,0,873,1223,393,1468,1221,733,688,3778,883,410,3114
"November 22, 2019",3269,124,551,1872,1521,1906,1107,0,841,1146,390,1380,1178,712,698,3435,809,352,2750
"November 23, 2019",1016,53,238,424,529,476,183,0,307,372,222,477,338,186,229,1042,177,99,774
"November 24, 2019",2159,158,382,667,892,671,706,0,958,1169,1226,1446,1445,680,1258,2526,272,283,1430
"November 25, 2019",3228,152,518,2080,1580,1808,1080,0,664,1044,262,1282,923,492,471,3398,827,372,2880
"November 26, 2019",3149,111,508,2091,1605,1884,928,0,592,945,250,1229,793,457,408,3296,820,359,2884
"November 27, 2019",3695,153,566,2179,1784,2090,1161,0,700,1069,249,1315,1063,530,478,3702,872,440,3150
"November 28, 2019",3112,128,554,1945,1571,1897,960,0,637,912,333,1237,888,509,615,3309,1168,349,2702
"November 29, 2019",2854,110,539,1552,1237,1836,799,0,576,819,297,1086,945,548,655,2938,698,292,2195
"November 30, 2019",1633,117,302,550,707,724,334,0,501,645,716,731,732,445,764,1635,253,189,976
"December 1, 2019",1180,64,237,504,564,539,294,0,400,487,349,500,530,302,370,1292,191,128,844
"December 2, 2019",2069,88,299,1423,1067,1153,674,0,328,562,49,682,393,232,70,2121,597,233,1935
"December 3, 2019",2360,91,374,1592,1243,1343,787,0,395,650,174,859,537,299,183,2454,666,257,2086
"December 4, 2019",2772,102,428,1723,1482,1491,852,0,541,879,281,1101,807,382,328,2969,714,329,2488
"December 5, 2019",2808,238,474,1850,1450,1613,895,0,532,836,291,1152,782,404,303,2870,756,330,2611
"December 6, 2019",2138,204,371,1354,1120,1284,673,0,366,586,210,810,526,271,215,2246,970,237,1921
"December 7, 2019",886,134,262,359,491,497,221,0,210,269,160,503,365,145,167,1005,168,98,717
"December 8, 2019",1830,320,383,562,824,717,613,0,710,897,876,1050,1093,636,944,1998,249,251,1224
"December 9, 2019",3200,371,489,1897,1700,1727,1184,0,729,1093,683,1322,1034,621,663,3464,800,384,2782
"December 10, 2019",2543,288,448,1817,1374,1617,843,0,468,728,177,921,629,352,199,2819,677,257,2395
"December 11, 2019",2182,226,345,1542,1111,1247,722,0,357,573,181,744,463,302,186,2251,571,208,2063
"December 12, 2019",1612,150,287,1137,946,1013,497,0,225,391,52,575,353,212,89,1748,445,169,1516
"December 13, 2019",2127,213,379,1313,1026,1289,673,0,431,629,243,800,548,333,244,2246,540,206,1857
"December 14, 2019",1451,280,293,447,726,580,411,0,405,531,613,635,581,398,654,1324,199,154,973
"December 15, 2019",1579,310,302,509,626,658,471,0,619,800,816,870,885,543,896,1608,232,224,1001
"December 16, 2019",1950,215,306,1336,993,1170,695,0,312,505,83,658,365,228,125,1974,554,207,1749
"December 17, 2019",2016,230,336,1365,1053,1169,621,0,291,472,100,737,443,246,111,2073,573,208,1807
"December 18, 2019",1724,188,320,1225,917,1041,526,0,262,441,81,542,346,217,87,1779,519,167,1623
"December 19, 2019",1510,165,257,1011,811,936,471,0,190,337,61,472,320,183,64,1576,438,133,1342
"December 20, 2019",1337,0,280,914,667,887,371,0,206,318,105,455,290,174,103,1374,389,133,1221
"December 21, 2019",841,0,212,357,444,416,161,0,258,316,322,486,432,206,312,996,174,121,642
"December 22, 2019",1549,0,256,487,621,599,497,0,735,882,1203,1080,1090,677,1235,1783,188,216,1028
"December 23, 2019",1754,0,358,920,762,990,527,0,450,599,763,744,729,483,808,1871,442,172,1361
"December 24, 2019",1081,0,227,564,496,615,304,0,294,399,396,574,465,256,459,1186,238,110,864
"December 25, 2019",754,0,118,216,240,270,221,0,414,490,1052,623,797,413,1076,977,55,108,429
"December 26, 2019",748,0,173,300,306,357,210,0,285,363,645,511,483,265,670,878,121,83,519
"December 27, 2019",1027,0,220,511,437,605,261,0,284,355,658,493,405,414,689,1087,214,95,711
"December 28, 2019",748,0,180,317,377,355,240,0,267,341,550,399,340,274,636,769,123,102,530
"December 29, 2019",1483,0,244,406,512,553,447,0,663,831,1730,982,1126,814,1768,1686,174,212,843
"December 30, 2019",1113,0,272,670,556,651,340,0,276,331,528,475,374,308,612,1182,241,125,919
"December 31, 2019",485,0,124,338,239,358,109,0,83,117,56,206,136,63,58,529,122,33,458
"January 1, 2020",2063,361,293,354,552,495,635,0,1205,1440,2407,1537,2269,932,2399,2419,208,299,978
"January 2, 2020",1282,159,293,860,626,900,425,0,248,388,221,505,376,232,311,1502,361,148,1189
"January 3, 2020",1248,113,267,774,624,852,322,0,225,318,362,577,432,294,397,1514,324,116,1071
"January 4, 2020",1614,295,293,449,697,605,432,0,715,913,1119,1052,1052,521,1170,1816,213,237,979
"January 5, 2020",802,128,191,286,406,326,141,0,344,401,333,581,523,268,383,1115,129,110,591
"January 6, 2020",1661,0,240,1239,906,1005,620,0,277,481,48,541,318,179,55,1763,460,193,1545
"January 7, 2020",1808,0,290,1298,899,1087,607,0,298,507,59,572,336,189,69,1822,486,200,1628
"January 8, 2020",2541,92,366,1764,1315,1466,946,0,596,907,328,982,718,410,383,2903,701,335,2291
"January 9, 2020",2580,0,408,1547,1326,1572,804,489,643,894,593,1051,857,542,598,2801,670,288,2136
"January 10, 2020",912,21,197,652,353,642,240,0,114,188,17,313,188,102,20,911,218,78,744
"January 11, 2020",1135,37,273,423,543,526,247,0,414,526,501,646,604,336,566,1316,742,134,785
"January 12, 2020",274,6,81,157,94,180,51,0,78,108,75,134,121,61,77,314,77,29,190
"January 13, 2020",367,10,88,299,207,363,85,49,61,76,18,169,89,51,24,398,1080,23,283
"January 14, 2020",337,13,91,324,193,329,73,0,52,84,11,171,80,40,16,465,83,30,339
"January 15, 2020",121,0,13,137,52,126,29,13,17,30,10,78,53,25,10,154,27,7,107
"January 16, 2020",309,0,62,276,116,371,81,0,38,46,7,156,70,52,52,375,56,13,203
"January 17, 2020",468,17,86,365,166,546,86,0,77,104,49,209,132,86,178,556,128,37,304
"January 18, 2020",341,8,103,166,116,226,42,0,70,88,11,144,105,60,87,385,64,29,208
"January 19, 2020",530,22,130,208,207,236,119,0,172,205,65,247,228,148,245,553,96,34,305
"January 20, 2020",1803,0,244,1189,789,1050,574,0,325,518,143,672,462,265,230,1805,440,211,1497
"January 21, 2020",1847,57,301,1344,949,1089,574,0,339,542,96,668,455,225,121,1962,494,211,1647
"January 22, 2020",1916,0,284,1381,957,1103,622,0,320,535,160,671,432,232,185,1993,508,273,1620
"January 23, 2020",1482,37,219,1074,777,911,431,0,257,416,35,500,310,172,56,1546,395,184,1295
"January 24, 2020",1782,62,281,1186,878,1035,498,0,359,546,273,689,620,302,278,1971,483,213,1620
"January 25, 2020",967,36,204,359,477,354,216,0,332,451,475,514,499,290,490,1018,165,148,643
"January 26, 2020",1348,70,208,367,539,329,427,0,680,821,967,579,940,492,959,1637,180,215,931
"January 27, 2020",2448,91,336,1539,1152,1289,808,0,527,849,556,1026,813,470,534,2590,590,328,2078
"January 28, 2020",2534,110,412,1675,1367,1436,853,0,545,820,506,1084,860,457,476,2738,651,337,2300
"January 29, 2020",1802,71,279,1291,959,1040,585,0,344,589,229,655,529,258,264,1967,488,252,1710
"January 30, 2020",2286,84,365,1466,1140,1355,799,0,454,720,433,826,652,453,473,2307,584,273,2015
"January 31, 2020",1154,506,189,907,579,782,390,0,186,315,53,378,242,153,42,1234,345,137,1099
"February 1, 2020",1857,90,282,554,791,652,537,0,941,1162,1381,1557,1528,741,1446,2458,246,314,1348
"February 2, 2020",1155,118,225,411,545,450,252,0,452,556,576,702,654,304,588,1281,209,142,779
"February 3, 2020",2465,191,389,1620,1191,1415,836,0,552,839,561,1030,846,493,662,2775,642,303,2172
"February 4, 2020",620,29,143,475,281,515,170,0,83,131,10,224,119,91,26,717,157,46,560
"February 5, 2020",1420,285,253,1019,636,891,439,0,224,373,78,516,338,188,92,1557,357,144,1359
"February 6, 2020",1845,56,270,1352,933,1113,600,0,319,524,89,600,423,222,104,2007,484,214,1803
"February 7, 2020",1675,53,275,1173,849,1042,512,0,273,461,101,559,352,220,107,1774,461,190,1560
"February 8, 2020",2454,115,357,568,929,673,741,366,1138,1378,1789,1688,1887,800,1840,2860,297,338,1424
"February 9, 2020",1962,123,312,523,829,593,686,0,931,1113,1651,1390,1611,736,1595,2364,276,240,1219
"February 10, 2020",2975,138,478,1848,1404,1568,1056,506,697,1050,822,1392,1211,650,827,3441,725,404,2630
"February 11, 2020",2624,103,418,1782,1420,1523,888,0,548,853,352,1032,802,443,402,2970,705,295,2426
"February 12, 2020",2844,99,473,1860,1407,1622,970,0,585,907,444,1119,907,495,468,3121,1050,345,2543
"February 13, 2020",1979,72,334,1283,1092,1098,630,311,378,603,180,731,521,303,196,2104,546,239,1698
"February 14, 2020",2709,108,481,1599,1283,1520,950,448,826,1146,1229,1518,1358,695,1250,3314,651,355,2379
"February 15, 2020",737,25,195,332,390,345,124,135,228,286,184,326,285,151,202,796,394,78,640
"February 16, 2020",1623,111,251,433,670,550,517,252,739,918,1387,1133,1227,671,1402,1897,206,260,992
"February 17, 2020",2413,125,334,621,833,722,844,310,1175,1507,2704,1851,2073,1092,2758,2950,264,389,1469
"February 18, 2020",3101,86,472,1961,1512,1800,1078,514,734,1073,1122,1523,1346,803,1197,3537,774,341,2753
"February 19, 2020",3320,104,486,1949,1650,1777,1134,588,831,1158,1139,1643,1475,742,1167,3865,810,408,2847
"February 20, 2020",3324,87,473,1924,1645,1848,1063,550,760,1050,1202,1538,1466,814,1219,3763,1156,373,2794
"February 21, 2020",3065,111,480,1746,1476,1759,1085,539,748,1024,1320,1525,1466,774,1345,3595,1739,381,2587
"February 22, 2020",1672,84,281,525,751,684,448,294,698,853,975,974,949,586,1003,1814,1204,232,1059
"February 23, 2020",943,42,202,335,500,411,193,173,330,433,344,497,469,232,370,1055,451,139,661
"February 24, 2020",3158,117,493,1829,1562,1595,1049,553,688,1042,658,1272,1092,552,702,3362,1369,377,2570
"February 25, 2020",2407,111,411,1770,1299,1472,826,459,468,716,216,908,601,360,236,2734,944,250,2240
"February 26, 2020",2781,152,438,1742,1412,1576,882,512,597,921,526,1128,910,456,529,2978,1007,341,2449
"February 27, 2020",2307,274,338,1561,1217,1278,693,432,491,767,338,848,709,373,343,2453,847,306,2007
"February 28, 2020",2212,248,391,1375,1111,1367,698,369,493,780,363,866,747,386,389,2391,1283,273,2000
"February 29, 2020",2596,459,386,691,1121,899,777,451,1204,1532,2062,1876,1879,1032,2111,3100,1410,418,1570
"March 1, 2020",1958,395,308,517,838,622,756,390,804,1034,1092,1222,1294,641,1195,2181,1277,246,1111
"March 2, 2020",1755,194,266,1328,953,985,620,656,292,561,95,594,374,189,101,1835,1649,253,1737
"March 3, 2020",2350,271,405,1673,1253,1406,774,900,480,796,320,951,706,350,345,2735,1830,330,2218
"March 4, 2020",3777,460,528,2112,1776,1793,1361,1338,1068,1562,1359,1867,1776,888,1383,4413,2037,551,3257
"March 5, 2020",2208,244,392,1572,1156,1344,665,835,386,666,155,797,500,317,174,2395,1887,302,2012
"March 6, 2020",3311,405,518,1847,1470,1705,1119,1149,904,1322,1566,1768,1760,909,1576,3899,1729,462,2692
"March 7, 2020",1485,256,292,578,731,634,368,563,567,682,923,969,954,520,895,1877,1313,206,1105
"March 8, 2020",2352,498,408,648,895,697,822,809,1224,1566,2020,1947,2052,946,1951,3106,1342,440,1528
"March 9, 2020",3282,411,516,1987,1564,1702,1231,1101,872,1277,1202,1754,1666,846,1221,3922,1704,461,2846
"March 10, 2020",2061,248,377,1505,1077,1260,680,809,378,632,118,723,449,246,134,2204,2336,263,1965
"March 11, 2020",3330,417,493,2010,1625,1824,1215,1266,835,1278,923,1710,1537,828,950,4073,2194,492,2967
"March 12, 2020",3271,390,503,1918,1606,1676,1031,1187,820,1203,763,1537,1363,760,807,3796,2077,455,2753
"March 13, 2020",2718,304,453,1600,1295,1413,866,929,589,862,585,1198,955,548,602,2963,1705,328,2273
"March 14, 2020",2455,400,350,649,1012,708,816,933,1381,1688,1822,1991,2044,786,1805,3217,1095,429,1554
"March 15, 2020",2847,596,379,562,973,765,1119,878,1692,2111,2374,2517,2944,1224,2290,3811,747,570,1671
"March 16, 2020",3310,440,447,1505,1394,1353,1160,1061,1345,1786,1584,2163,2169,841,1547,4065,884,558,2296
"March 17, 2020",3292,486,492,1236,1543,1228,1182,1094,1671,2187,1846,2412,2644,988,1764,4205,1166,634,2328
"March 18, 2020",3991,565,505,1078,1577,1149,1404,1123,2409,3052,2474,3347,3632,1118,2376,5041,1403,744,2497
"March 19, 2020",3947,567,448,1067,1497,1061,1308,1140,2526,3226,2332,3400,3748,1104,2170,5257,1640,780,2538
"March 20, 2020",4042,664,484,1035,1572,969,1356,1295,2795,3533,2538,3613,4271,1335,2338,5438,1187,861,2625
"March 21, 2020",5255,1104,488,837,1848,660,2507,1440,4196,5312,3208,4525,5260,1559,3017,6342,1252,1191,2763
"March 22, 2020",2796,653,359,533,1080,536,1225,818,2122,2669,1671,2335,2397,857,1566,3208,1362,631,1570
"March 23, 2020",1649,270,263,607,986,597,500,538,849,1098,710,1268,1223,406,672,2107,1467,278,1153
"March 24, 2020",2040,338,293,640,996,534,687,624,1229,1614,935,1556,1696,558,894,2475,1347,407,1315
"March 25, 2020",3952,707,452,862,1629,851,1659,1130,2653,3516,1871,3082,3374,1040,1747,4516,1260,864,2176
"March 26, 2020",1307,248,232,507,696,464,449,420,620,755,442,847,763,274,444,1448,1044,175,929
"March 27, 2020",842,126,161,349,507,323,242,301,305,416,241,498,391,140,227,1015,1324,131,652
"March 28, 2020",920,131,158,213,357,210,214,282,626,790,503,624,632,215,436,988,1339,179,428
"March 29, 2020",4302,1034,396,691,1740,568,1898,1254,3556,4684,2367,3471,3881,1291,2170,4892,1283,1023,2284
"March 30, 2020",1518,251,265,579,863,558,458,477,910,1134,817,1231,1314,490,777,2002,1107,276,1174
"March 31, 2020",2403,457,251,674,1109,644,832,731,1476,1851,1166,1732,1864,622,1140,2728,1537,401,1433
"April 1, 2020",2775,432,359,757,1244,679,1061,862,1681,2258,1228,2063,2333,791,1187,3309,1358,632,1724
"April 2, 2020",2223,420,329,707,1102,652,782,747,1291,1593,914,1646,1626,537,871,2610,1510,361,1572
"April 3, 2020",2232,363,344,673,1110,707,703,763,1417,1797,1093,1927,1978,677,1055,2992,1435,466,1647
"April 4, 2020",3163,669,393,602,1254,558,1270,1032,2221,2778,1548,2524,2700,910,1483,3792,1083,673,1867
"April 5, 2020",4883,1298,497,802,2038,719,2366,1473,3563,4582,1142,3812,4006,1402,2148,5324,1296,1060,2806
"April 6, 2020",3396,570,417,797,1430,780,1395,1005,2267,2860,1333,2799,3051,952,1551,4167,1269,624,2166
"April 7, 2020",3670,587,441,870,1475,773,1425,1077,2285,2922,1705,2865,3125,1005,1621,4247,1333,802,2291
"April 8, 2020",4234,653,438,1021,1606,901,1692,1188,2490,3190,808,3147,3419,1108,442,4607,1310,757,2540
"April 9, 2020",4200,686,493,941,1734,882,1812,1252,2589,3205,539,3097,3447,1045,104,4607,1516,800,2635
"April 10, 2020",5877,1208,590,997,2128,817,2835,1692,4355,5625,228,4403,4236,1406,52,6108,1493,1236,3149
"April 11, 2020",5758,1172,524,876,2188,818,2950,1769,4258,5385,174,4304,4054,1389,53,6220,1683,1141,2957
"April 12, 2020",5711,1353,493,890,2280,713,2695,1624,4133,5229,123,4390,4155,1323,44,6038,1386,1108,2845
"April 13, 2020",4538,884,468,822,1730,760,1913,1315,2936,3810,80,3460,3407,1065,26,4863,1334,859,2401
"April 14, 2020",4111,677,491,1050,1750,977,1545,1303,2571,3299,96,3275,3086,971,38,4766,1513,773,2609
"April 15, 2020",5207,942,579,1128,2019,1068,2152,1473,3445,4335,119,3736,3786,1285,38,5443,1833,978,3044
"April 16, 2020",5372,889,588,1124,2073,1045,2198,1568,3553,4459,112,4293,4237,1233,41,6166,1982,976,3139
"April 17, 2020",3819,666,478,963,1643,937,1508,1136,2126,2663,66,2776,2720,870,33,4438,1948,578,2367
"April 18, 2020",7256,1564,652,1106,2895,1078,3633,2095,5601,7087,180,5629,5485,1851,43,7869,2086,1444,4028
"April 19, 2020",5599,1387,518,941,2310,878,2888,1615,3750,4757,90,4154,4027,1472,44,5958,2145,1025,2891
"April 20, 2020",4728,781,562,1029,1965,1031,1779,1299,3003,3681,109,3753,3752,1207,23,5506,2337,811,2618
"April 21, 2020",3917,638,481,990,1637,993,1442,1117,1978,2615,51,2757,2658,907,19,4185,2052,726,2397
"April 22, 2020",1439,237,260,502,896,466,398,465,619,836,40,1017,952,376,18,1750,1832,254,992
"April 23, 2020",4441,748,533,991,1953,970,1681,1305,2679,3403,96,3451,3452,1114,30,5331,1574,798,2541
"April 24, 2020",4678,818,611,1068,1958,703,2009,1342,2596,3186,62,3146,3042,1135,33,4794,1950,750,2637
"April 25, 2020",3511,687,412,627,1562,652,1202,1160,2591,3133,75,3153,2742,1078,44,4292,1998,622,1931
"April 26, 2020",3873,923,394,702,2081,622,1811,1043,2481,3103,48,2997,2881,1055,23,4183,1642,655,2126
"April 27, 2020",3996,582,445,912,1662,861,1344,1072,2649,3300,76,3423,3351,1165,27,4798,2006,777,2349
"April 28, 2020",2617,415,401,731,1557,690,870,763,1295,1626,41,1913,1708,626,14,2931,1669,449,1675
"April 29, 2020",2509,366,386,737,1283,677,830,724,1299,1639,51,1577,1650,614,32,26,1349,409,1522
"April 30, 2020",5928,883,651,1247,2246,1121,2469,1563,3535,4414,110,4506,4478,1582,45,0,1630,1013,3016
"May 1, 2020",5913,1090,710,1175,2117,1115,2561,1694,3489,4379,81,4236,4234,1428,49,0,1824,1001,3285
"May 2, 2020",1244,175,200,250,497,310,330,375,656,820,35,958,996,342,27,0,1254,179,683
"May 3, 2020",5226,1073,523,847,1790,824,2073,1391,3700,4614,87,4401,4381,1572,51,0,1330,982,2522
"May 4, 2020",4407,755,493,1066,1716,1022,1764,1264,2454,3002,50,3331,3203,1148,28,0,1561,672,2608
"May 5, 2020",6864,992,671,1367,2568,1248,2632,1896,4490,5602,159,5691,5703,1792,56,3509,2107,1292,3737
"May 6, 2020",3937,603,547,967,2565,950,1345,1134,2283,2882,77,3405,3502,1107,38,2849,2022,701,2453
"May 7, 2020",7055,1175,708,1344,3111,1246,3005,2017,4342,5390,161,5624,5882,1708,76,4618,1769,1187,3955
"May 8, 2020",7655,1102,784,1357,2718,1265,3020,2242,5594,6814,314,6309,6552,1923,68,4950,2066,1468,4298
"May 9, 2020",9666,1755,965,1270,3089,1242,4891,2764,7904,10124,324,7746,7813,2432,95,5912,1870,2108,4714
"May 10, 2020",7881,1388,741,1086,2624,985,3632,2033,6303,7905,283,6715,7228,2205,81,4950,2226,1629,3859
"May 11, 2020",5432,873,677,1217,2151,1224,2292,1580,3385,4235,97,4638,4519,1589,36,3734,2053,920,3247
"May 12, 2020",2535,421,397,770,1108,648,791,835,1423,1775,41,1950,1933,715,23,1669,2199,420,1514
"May 13, 2020",3515,602,525,920,1580,346,1115,1164,1865,2394,71,2749,2802,951,24,2344,1975,597,2051
"May 14, 2020",5001,814,635,1188,1782,5,1720,1476,3036,3674,104,4153,4376,1325,43,3539,1429,784,2932
"May 15, 2020",9007,1551,914,1652,3334,5,4098,2530,6063,7469,260,7113,7313,2254,85,5714,1704,1490,4963
"May 16, 2020",1984,311,275,419,852,7,783,642,1072,1279,51,1283,1305,444,30,1100,1179,245,1092
"May 17, 2020",4532,758,469,698,1376,14,1509,1267,3311,3938,138,4441,4402,1539,43,3261,1191,723,2241
"May 18, 2020",10288,2229,893,1499,3077,11,5291,2634,7822,9526,293,8911,9269,2965,110,6607,1545,1660,5173
"May 19, 2020",6146,956,676,1438,2087,3,2298,1836,3579,4355,170,4928,5264,1587,49,4206,1677,970,3554
"May 20, 2020",3685,597,516,1045,1538,1,1247,1142,1793,2228,65,2480,2400,817,30,2283,1367,553,2209
"May 21, 2020",5153,855,658,1194,2129,2,1783,1634,2948,3567,97,4023,4044,1311,39,3465,1597,833,3002
"May 22, 2020",6070,1020,745,1353,2380,0,2314,1859,3499,4288,135,4502,4281,1406,44,3814,1586,975,3437
"May 23, 2020",5775,1284,572,1031,2338,0,2724,1809,3747,4480,160,4795,4623,1638,63,3848,1271,943,3511
"May 24, 2020",5423,1133,509,966,1911,0,2350,1523,3446,4256,104,4628,4696,1682,52,3703,1398,913,2924
"May 25, 2020",2080,390,326,622,966,4,597,690,976,1222,42,1683,1506,522,18,1491,1561,319,1390
"May 26, 2020",7120,1161,782,1567,2700,0,2630,2132,4406,5556,238,5798,6166,1881,71,4943,1847,1361,4035
"May 27, 2020",8076,1241,920,1703,2900,0,3266,2521,5075,6401,291,6588,6935,2110,59,5521,1871,1396,4709
"May 28, 2020",7098,1011,848,1553,2819,2,2614,2176,4271,5311,222,5742,6021,1788,78,4898,1709,1283,4180
"May 29, 2020",7650,1224,895,1613,2998,1,3152,2333,4715,5788,240,6115,6197,1852,85,5087,2238,1320,4495
"May 30, 2020",2809,512,315,526,828,0,1328,768,1360,1759,59,1533,1519,571,30,1315,2167,408,1293
"May 31, 2020",4777,963,591,1538,1669,1,2032,1427,3168,3922,89,4245,4008,1391,31,3383,1574,825,2859
"June 1, 2020",7007,1098,793,1626,2722,1,2752,2178,4224,5163,183,5512,5894,1829,57,4587,1738,1234,4062
"June 2, 2020",3181,427,503,1005,1481,0,1011,1041,1205,1491,54,1937,1975,659,28,2024,1743,443,1940
"June 3, 2020",6639,1170,805,1661,2733,0,2637,2144,3500,4395,139,4822,4904,1701,47,4394,1976,1105,3919
"June 4, 2020",5247,811,681,1416,2307,0,1907,1761,2779,3413,105,3806,3726,1179,51,3363,2004,805,3172
"June 5, 2020",7759,1120,877,2284,2765,0,2766,2356,3891,4598,116,5030,4935,1918,57,4834,2443,1079,4667
"June 6, 2020",4751,825,533,859,2085,0,1667,1772,3419,4030,168,4930,4700,1437,54,3734,1785,879,2972
"June 7, 2020",9093,2182,798,1206,2850,0,4796,2618,6475,7908,339,8098,8213,2720,102,6121,1765,1491,4692
"June 8, 2020",5542,923,747,1374,2158,0,1947,1746,2849,3471,113,4176,4068,1374,66,3638,2102,847,3152
"June 9, 2020",1614,238,298,710,881,0,324,558,500,635,22,783,659,242,18,960,1831,191,1204
"June 10, 2020",4419,618,612,1146,1849,0,702,1378,2179,2721,74,3113,3086,1087,30,2870,1661,642,2635
"June 11, 2020",5215,868,701,1414,2268,0,836,1755,2736,3519,119,3820,3909,1326,48,3384,1907,947,3151
"June 12, 2020",3114,516,453,848,1401,0,508,1028,1595,1971,76,2085,2010,689,33,2011,1750,478,1998
"June 13, 2020",5828,1210,634,341,2037,0,1146,1794,3404,4194,143,4930,4478,1507,95,3888,1979,953,3274
"June 14, 2020",4136,1069,456,71,1457,2,805,1278,2659,3247,86,3435,3408,1073,57,2815,1508,729,2139
"June 15, 2020",1651,240,323,638,905,0,252,606,440,612,19,766,672,277,12,1045,1275,215,1317
"June 16, 2020",7567,1175,869,1762,2737,0,1406,2415,4381,5451,291,5879,5923,1786,65,5172,1726,1350,4339
"June 17, 2020",8064,1220,913,1869,2960,0,1526,2588,4299,5550,276,5978,5991,1899,71,5282,2146,1425,4490
"June 18, 2020",7750,1262,893,1876,2974,0,1451,2543,4395,5465,260,6068,6213,2045,97,5363,1840,1330,4747
"June 19, 2020",6887,946,883,1787,2553,0,1331,2047,3358,4251,157,4798,4939,1656,57,4556,1980,1032,4084
"June 20, 2020",1788,331,302,420,813,0,243,627,959,1176,79,1342,1316,439,35,1148,1849,262,1038
"June 21, 2020",6654,1405,637,1100,2118,0,1466,1992,4462,5485,238,5637,5779,2307,81,4378,1551,1204,3320
"June 22, 2020",6035,1078,802,1614,2352,0,1115,2002,3172,3926,190,4467,4457,1612,74,4053,1951,992,3691
"June 23, 2020",4412,658,670,1357,1771,0,756,1527,1967,2446,173,2906,2961,1093,55,3014,2143,672,2757
"June 24, 2020",5656,847,737,1440,2256,0,802,1968,3300,4433,193,4618,4449,1470,96,4083,2407,1225,3464
"June 25, 2020",7850,1234,879,1988,2802,0,1534,2674,4604,5660,336,6230,6301,2081,101,5384,2226,1401,4781
"June 26, 2020",4988,867,725,1466,2175,1,932,1717,2497,3027,168,3780,3329,1294,108,3495,2084,730,3261
"June 27, 2020",5917,1323,630,1122,2097,0,1332,2005,3635,4419,195,5221,4693,1751,104,4136,2311,904,3463
"June 28, 2020",8158,1832,774,1044,2472,0,1714,2371,6338,7955,468,7651,7628,2615,166,5667,1708,1676,4096
"June 29, 2020",6564,1013,790,1776,2512,0,1255,2092,4117,5030,410,5591,5706,2115,108,4772,2268,1136,4059
"June 30, 2020",4827,730,647,1522,1932,1233,755,1576,2154,2794,208,3246,3159,1095,81,3157,2691,729,3017
"July 1, 2020",2036,515,289,472,860,649,368,668,918,1116,73,1341,1091,470,57,1191,1930,240,1075
"July 2, 2020",3366,526,545,1035,1446,1346,476,1238,1469,1864,83,2104,1966,717,86,2138,2015,499,2026
"July 3, 2020",1336,204,300,584,757,778,213,532,452,580,40,784,685,277,27,909,1558,148,1147
"July 4, 2020",7369,1834,728,1209,2556,1423,1836,2327,5040,6219,415,7037,6937,2757,169,5425,1511,1283,3997
"July 5, 2020",8301,2091,821,1099,2564,1464,1798,2480,6588,8330,517,8318,8452,2838,186,6117,1729,1789,4356
"July 6, 2020",6403,1055,765,1680,2378,1925,1110,2114,3593,4490,358,5138,5079,1872,83,4552,2409,1074,3849
"July 7, 2020",4803,728,679,1543,2100,1793,770,1715,2055,2590,59,3073,3028,1120,81,3139,2996,681,3170
"July 8, 2020",6424,1117,821,1832,2578,2051,1128,2194,3349,4299,0,4779,4885,1728,100,5780,2553,1130,4218
"July 9, 2020",4081,599,567,1238,1805,1336,575,1425,2187,2757,0,2932,2744,981,63,4785,2479,654,2492
"July 10, 2020",7312,1339,847,1722,2755,2026,1332,2355,4133,5046,0,5963,5908,1985,145,9081,2177,1217,4432
"July 11, 2020",3302,715,367,697,1138,861,730,1089,1689,2134,0,2215,2123,851,73,3519,2054,510,1793
"July 12, 2020",8311,1874,815,1154,2590,1389,1824,2351,6370,8051,0,7821,7745,2743,168,10505,1740,1764,4332
"July 13, 2020",7128,1074,798,1755,2521,2086,1200,2239,4487,5477,0,5871,5743,2008,135,8660,2698,1204,4229
"July 14, 2020",7871,1144,945,1920,2928,2204,1353,2608,4827,5947,0,6226,6534,2081,121,9595,2288,1331,4400
"July 15, 2020",7861,1263,928,2006,2902,2291,1446,2636,5012,6275,0,6271,6217,2160,129,9679,2569,1509,4824
"July 16, 2020",6122,929,841,1771,2526,2018,1031,2154,3031,3820,0,4503,4033,1563,109,7246,2668,953,3846
"July 17, 2020",6259,999,820,1600,2498,2047,994,2150,3499,4357,0,4973,4823,1843,145,7714,2680,1111,3812
"July 18, 2020",8029,1598,768,1407,2586,1531,1765,2201,5950,7407,0,7161,7534,2758,211,10036,2244,1676,4557
"July 19, 2020",7449,1629,734,1132,2129,1389,1542,2129,5507,6799,0,6851,7021,2563,178,9083,1828,1402,3870
"July 20, 2020",7028,1034,890,1767,2476,1983,1180,2078,4401,5512,0,5818,5906,2024,134,8181,2278,1413,4076
"July 21, 2020",7553,1116,918,1979,2683,2329,1208,2380,4434,5540,0,6012,6174,1971,100,9306,2089,1412,4520
"July 22, 2020",6335,1166,821,1934,2617,2113,1176,2213,3441,4368,0,4928,4737,1812,100,7908,2273,1188,4252
"July 23, 2020",5960,996,887,1713,2397,2125,982,2085,2938,3697,0,4098,3796,1440,67,6848,2830,986,3742
"July 24, 2020",5417,891,775,1472,2117,1953,1005,1849,2822,3542,0,4178,3820,1526,75,6576,2795,832,3354
"July 25, 2020",8130,1832,771,1357,2571,1609,1847,2277,6070,7501,0,7081,7233,2622,165,9783,2179,1508,4481
"July 26, 2020",7732,1733,771,1078,2108,1275,1521,2110,6150,7948,0,7002,7288,2467,187,9277,2077,1833,3733
"July 27, 2020",6509,894,699,1723,2250,2152,1066,2061,4124,5068,0,5259,5369,1934,102,7860,1939,1198,3879
"July 28, 2020",6835,1166,889,1978,2601,2256,1229,2243,3651,4462,0,5099,4896,1919,103,8078,2093,1167,4011
"July 29, 2020",7647,1150,920,1906,2663,2299,1369,2428,4512,5645,0,5902,5683,2009,116,8920,2700,1397,4385
"July 30, 2020",7020,1015,903,1806,2649,2255,1204,2295,4049,5080,0,5426,5650,2011,105,8511,2713,1232,4164
"July 31, 2020",5711,951,804,1535,2206,1975,981,1854,3214,3877,0,4523,4333,1952,120,7178,2258,838,3692
"August 1, 2020",6995,1663,744,1187,2173,1458,1499,2065,5310,6357,0,6438,6490,2552,245,8945,2548,1208,3706
"August 2, 2020",6568,1662,739,1170,2054,1452,1419,1885,4775,5795,0,6227,6339,2862,227,8346,2337,1219,3451
"August 3, 2020",6778,1417,718,1093,2003,1403,1252,2003,5152,6317,0,6649,6801,2524,235,8739,2380,1221,3422
"August 4, 2020",6670,962,822,1868,2426,2077,1063,2067,3864,4821,0,5214,5215,2025,182,8249,2525,1215,4105
"August 5, 2020",7524,1134,945,2014,2698,2248,1251,2454,4170,5265,0,5853,5855,2108,173,9171,2588,1270,4537
"August 6, 2020",2756,430,496,963,1274,1082,412,1028,1314,1593,0,1806,1478,647,69,3183,2770,369,1865
"August 7, 2020",3423,681,572,1147,1520,1418,563,1230,1479,1843,0,2152,1905,990,66,3828,2197,447,2208
"August 8, 2020",5355,1131,606,968,1854,1231,1102,1818,3393,4073,0,5358,4939,1903,192,7208,2085,912,2839
"August 9, 2020",8433,1941,784,1195,2214,1538,1892,2465,6089,7627,0,7682,7756,3032,249,10216,2531,1516,4171
"August 10, 2020",6166,983,803,1653,2312,2031,1007,2001,3394,4224,0,5109,4823,2007,132,7786,2556,961,3786
"August 11, 2020",6117,1078,864,1857,2473,2112,1038,2098,2992,3734,0,4489,4249,1670,173,7401,2687,1009,4021
"August 12, 2020",6508,1082,837,1887,2593,1994,1157,2243,3412,4361,0,4791,4600,1856,117,7677,2754,1087,3993
"August 13, 2020",6664,1167,872,1926,2632,2169,1165,2243,3468,4300,0,4980,4867,1926,150,8122,2676,1059,4316
"August 14, 2020",6771,1059,918,1746,2550,2179,1196,2124,3762,4543,0,5470,5290,2109,210,8341,2785,1028,4159
"August 15, 2020",7515,1542,763,1328,2416,1490,1614,2183,5609,7050,0,7066,6937,2789,170,9485,2427,1490,4340
"August 16, 2020",7410,1542,714,999,1879,1371,1463,1893,6122,8011,0,6498,6777,2754,209,8561,2318,1871,3520
"August 17, 2020",6084,916,790,1678,2027,1933,974,1943,3440,4282,0,4604,4772,1794,137,7357,1893,1060,3601
"August 18, 2020",7006,872,826,1887,2470,2086,1208,2202,3863,4682,0,5230,5286,2119,172,8407,2864,1174,4171
"August 19, 2020",6590,1147,905,1924,2569,2241,1154,2198,3166,4055,0,4933,4508,2057,154,7779,3140,1065,4211
"August 20, 2020",2615,387,491,1049,1250,1181,328,902,985,1219,0,1442,1433,581,64,2927,3221,319,1912
"August 21, 2020",1931,273,427,853,1054,934,269,703,789,921,0,1428,1218,513,62,2438,3125,220,1476
"August 22, 2020",7196,1775,746,1171,2250,1473,1591,2171,4849,5900,0,6745,6488,2563,225,9374,2583,1213,3865
"August 23, 2020",6400,1835,785,1113,2111,1350,1445,1961,4011,4867,0,5886,5757,2293,179,7938,2291,1009,3229
"August 24, 2020",5564,855,732,1578,2087,1852,859,1852,2853,3665,0,4308,4192,1744,140,6860,2790,940,3375
"August 25, 2020",6772,1092,892,1995,2539,2289,1210,2187,3516,4421,0,5217,5089,1964,161,8388,2826,1110,4208
"August 26, 2020",6910,1230,937,2099,2735,2116,1172,2239,3536,4494,0,4991,4895,1844,152,8268,3064,1106,4442
"August 27, 2020",6812,1136,925,1896,2670,2220,1152,2275,3616,4456,0,5215,5046,1951,174,8184,2905,1138,4375
"August 28, 2020",6528,1056,967,1743,2415,2046,1039,2144,3595,4461,0,5149,5121,2088,177,8058,3032,1098,4013
"August 29, 2020",6625,1488,761,1363,2382,1501,1499,2101,4014,4819,0,6102,5589,2458,181,8617,2636,1025,4048
"August 30, 2020",5601,1611,610,993,1893,1226,1230,1808,3419,4262,0,4807,4747,1928,119,7037,2335,885,3043
"August 31, 2020",4700,825,698,1600,1962,1888,776,1808,2267,2783,0,3330,3282,1241,99,5798,2687,723,3271
"September 1, 2020",5809,933,898,1882,2274,2136,978,1995,2693,3463,0,4220,3950,1576,105,6941,3083,904,3831
"September 2, 2020",6344,1128,872,1812,2508,2066,1051,2074,3218,4127,0,4517,4434,1699,113,7433,3010,1100,4043
"September 3, 2020",6418,1081,906,1862,2534,2043,1096,2083,3412,4251,0,4930,4695,1729,134,7872,3020,1036,4212
"September 4, 2020",6056,1045,834,1745,2306,2162,1048,2010,3428,4196,0,4851,4529,1894,135,7653,2920,958,3980
"September 5, 2020",5800,1552,628,1092,1933,1424,1473,1766,3455,4236,0,5148,4974,2376,154,7439,2523,925,3336
"September 6, 2020",6507,1720,696,1008,1914,1330,1424,1905,4801,5677,0,6669,6400,2559,158,8836,2622,1168,3498
"September 7, 2020",6751,1469,703,1121,1983,1293,1335,1932,5753,7151,0,6936,7025,2930,193,9337,2694,1572,3974
"September 8, 2020",5653,953,903,1887,2206,2037,958,1908,2708,3324,0,4133,0,1569,92,6893,3435,841,3831
"September 9, 2020",6523,989,920,1997,2514,2191,1144,2170,3247,4327,0,4860,0,1699,87,7973,3331,1143,4415
"September 10, 2020",6609,945,897,1970,2629,2193,1105,2231,3442,4380,0,4908,0,1887,135,8140,3016,1166,4456
"September 11, 2020",5194,836,777,1625,2235,1928,857,1823,2398,2980,0,3785,0,1403,96,6126,3188,815,3600
"September 12, 2020",3032,518,500,732,1209,907,601,1027,1629,1849,0,2585,0,1037,103,3984,2671,350,2021
"September 13, 2020",1661,247,425,536,727,788,199,619,755,862,0,1316,0,563,77,2208,2732,195,1200
"September 14, 2020",2202,261,440,1023,1143,1221,289,817,549,651,0,1075,0,378,38,2393,2474,188,1656
"September 15, 2020",2963,367,630,1228,1456,1431,371,1092,1037,1303,0,1788,0,652,79,3525,2831,383,2236
"September 16, 2020",3404,511,622,1321,1697,1551,457,1230,1194,1489,0,2023,0,771,65,3901,2670,435,2483
"September 17, 2020",3525,523,692,1381,1699,971,458,1272,1196,1431,0,2023,0,772,70,4019,3036,375,2575
"September 18, 2020",2747,384,563,1175,1462,1374,335,1051,858,1061,0,1674,0,692,78,3338,3402,285,2005
"September 19, 2020",2855,474,430,724,1220,869,415,1060,1566,1916,0,2247,0,864,73,3597,2333,509,1718
"September 20, 2020",5881,1355,636,979,1967,1091,1149,1825,3770,4636,0,5498,0,1928,127,7572,2702,1024,3260
"September 21, 2020",5002,919,737,1695,2238,1861,885,1760,2005,2582,0,3356,0,1235,106,5803,2616,763,3268
"September 22, 2020",5514,847,814,1738,2311,2002,906,1889,2565,3232,0,3699,0,1390,79,6349,3181,845,3242
"September 23, 2020",1163,166,287,628,0,658,176,510,268,368,0,608,0,214,12,1446,2368,113,984
"September 24, 2020",2080,252,418,893,0,986,269,790,732,912,0,1229,0,484,44,2528,1697,281,1479
"September 25, 2020",3359,446,594,1046,0,1274,434,1101,1582,2016,0,2535,0,1000,101,4151,1765,566,2227
"September 26, 2020",1935,332,429,668,0,696,285,710,885,1086,0,1576,0,606,662,2433,1837,260,1468
"September 27, 2020",4768,1366,534,867,0,982,992,1433,2746,3382,0,3777,0,1515,2118,5531,1513,806,2677
"September 28, 2020",5756,945,755,1822,0,1904,980,1877,2654,3381,0,4175,0,1558,1884,6805,2045,911,3770
"September 29, 2020",6473,991,893,1918,0,2228,1143,2216,3006,3830,0,4498,0,1691,1941,7386,2265,1031,4038
"September 30, 2020",5928,1037,882,1887,0,2172,1111,2125,2739,3380,0,4163,0,1583,1659,7073,2407,871,3884
"October 1, 2020",4952,829,802,1745,0,1893,820,1762,1800,2340,0,2938,0,1113,1018,5500,2380,701,3343
"October 2, 2020",5415,941,789,1701,0,1941,913,2018,2434,2998,0,3848,0,1422,1708,6515,2419,781,3690
"October 3, 2020",5752,1325,661,1154,0,1231,1241,1865,2684,2350,0,4971,0,2015,3134,7346,2097,1584,3612
"October 4, 2020",3411,897,474,742,0,965,699,1140,1238,397,0,2410,0,956,1461,3898,1845,1380,1996
"October 5, 2020",4225,715,705,1630,0,1739,693,1567,1215,1286,0,2730,0,1129,1116,5173,2800,735,3015
"October 6, 2020",5386,875,768,1825,0,1967,915,1993,1636,1415,0,3593,0,1392,1454,6463,2726,1214,3524
"October 7, 2020",5651,1001,770,1805,0,2035,1058,2107,1757,2046,0,3779,0,1503,1556,6635,2483,1010,3613
"October 8, 2020",3950,642,676,1571,0,1728,637,1563,1216,1565,0,2345,0,861,885,4602,2582,502,2842
"October 9, 2020",1359,241,319,676,0,772,185,579,323,432,0,611,0,202,112,1581,1836,122,1129
"October 10, 2020",3083,661,432,636,0,850,531,1093,1752,2224,0,2752,0,1147,1477,3998,1539,575,1816
"October 11, 2020",902,190,180,251,0,288,169,342,364,451,0,593,0,248,241,1005,1099,119,649
"October 12, 2020",3944,1114,460,740,0,875,904,1243,2318,2841,0,3017,0,1370,2024,4331,997,628,2083
"October 13, 2020",2084,315,403,911,0,1092,283,874,630,860,0,1163,0,473,408,2494,1261,252,1654
"October 14, 2020",4766,857,690,1647,0,1767,812,1716,1860,2506,0,2855,0,1096,1169,5333,1419,711,3250
"October 15, 2020",3671,669,609,1515,0,1682,683,1509,1258,1631,0,1979,0,853,807,4230,1347,504,2701
"October 16, 2020",2156,324,453,890,0,1029,326,803,623,831,0,1115,0,401,360,2490,1470,232,1595
"October 17, 2020",3912,962,442,851,0,1044,865,1227,2030,2472,0,2554,0,1172,1637,4041,1504,619,2223
"October 18, 2020",1995,398,337,508,0,679,318,673,988,1194,0,1494,0,637,825,2395,1213,275,1298
"October 19, 2020",3451,598,577,1358,0,1493,605,1328,1218,1587,0,2060,0,813,840,4018,2010,461,2514
"October 20, 2020",4234,709,636,1556,0,1700,747,1575,1555,2031,0,2365,0,1029,1024,4644,1558,601,2922
"October 21, 2020",4707,818,757,1626,0,1785,852,1598,1866,2339,0,2874,0,1151,1258,5279,1712,631,3178
"October 22, 2020",4354,698,687,1519,0,1658,763,1590,1584,1988,0,2278,0,1005,997,4499,1475,537,2830
"October 23, 2020",1172,176,268,596,0,642,168,470,274,366,0,503,0,189,69,1332,850,124,968
"October 24, 2020",4442,1051,473,1050,0,1176,870,1462,2307,2909,0,3140,0,1455,2131,5009,834,723,2483
"October 25, 2020",2728,668,405,569,0,789,513,973,1269,1566,0,1912,0,771,1194,3039,542,389,1657
"October 26, 2020",3070,540,530,1300,0,1358,527,1224,1197,1566,0,1838,0,716,714,3704,1095,449,2347
"October 27, 2020",2622,425,466,1138,0,1288,410,980,759,1021,0,1127,0,448,314,2661,1113,290,1813
"October 28, 2020",2675,439,534,1154,0,1266,383,1047,811,1064,0,1348,0,507,412,2913,1536,355,2038
"October 29, 2020",2846,482,563,1292,0,1436,414,1145,888,1145,0,1383,0,480,320,3086,1882,377,2093
"October 30, 2020",3457,580,610,1216,0,1550,524,1292,1262,1574,0,1880,0,864,832,3829,1791,418,2414
"October 31, 2020",4103,1040,561,820,0,968,973,1486,2273,2847,0,2872,0,1310,1525,4680,987,709,2530
"November 1, 2020",4800,1279,515,801,0,907,1066,1499,2922,3643,0,3927,0,1520,2423,5621,945,789,2689
"November 2, 2020",3805,670,572,1478,0,1594,709,1333,1545,2011,0,2270,0,937,1035,4340,1295,569,2778
"November 3, 2020",1193,168,235,678,0,684,163,536,234,355,0,431,0,137,61,1327,1141,154,1016
"November 4, 2020",1701,245,372,907,0,956,241,777,432,600,0,793,660,296,186,1987,650,197,1403
"November 5, 2020",3156,525,605,1386,0,1438,508,1277,1015,1346,0,1757,1693,700,609,3569,489,422,2321
"November 6, 2020",3629,600,652,1324,0,1441,688,1411,1318,1725,0,2297,2165,915,921,4266,533,445,2521
"November 7, 2020",3827,977,462,843,0,931,809,1292,2038,2540,0,2749,2700,1142,1631,4353,346,624,2379
"November 8, 2020",3967,1039,385,700,0,861,855,1141,2229,2856,0,2996,3386,1261,1905,4466,286,633,1994
"November 9, 2020",1525,234,344,765,0,886,209,586,397,522,0,641,540,259,154,1665,293,167,1154
"November 10, 2020",2023,307,434,925,0,1011,304,859,619,832,0,971,992,413,374,2341,387,262,1576
"November 11, 2020",2421,460,352,620,0,612,395,733,1196,1536,0,1592,1526,684,891,2599,233,378,1445
"November 12, 2020",1419,238,294,736,0,763,207,606,319,470,0,547,489,185,129,1450,298,175,1140
"November 13, 2020",1681,271,361,715,0,850,221,650,492,702,0,910,839,375,306,1908,319,222,1251
"November 14, 2020",2230,650,339,547,0,597,401,779,1226,1506,0,1405,1373,580,643,2309,230,351,1317
"November 15, 2020",2384,543,296,480,0,593,270,827,1395,1703,0,2020,2000,710,937,2981,244,382,1464
"November 16, 2020",1484,229,296,769,0,751,223,608,349,527,0,615,495,233,152,1538,288,180,1248
"November 17, 2020",1722,244,339,801,0,877,234,649,465,659,0,790,707,319,230,1789,336,217,1348
"November 18, 2020",1224,211,260,670,0,649,188,521,322,447,0,478,376,191,90,1264,245,154,1070
"November 19, 2020",2142,358,432,880,0,987,337,767,788,1047,0,1150,1078,469,363,2338,333,299,1579
"November 20, 2020",1505,239,372,715,0,806,210,619,428,569,0,693,658,276,165,1578,1026,164,1177
"November 21, 2020",3895,991,405,786,0,751,776,1339,2194,2723,0,2637,2732,1040,1172,4182,300,634,2228
"November 22, 2020",1172,212,255,307,0,416,150,406,543,717,0,838,762,299,338,1302,159,191,784
"November 23, 2020",1584,243,358,734,0,797,235,697,513,682,0,877,785,337,219,1890,303,235,1337
"November 24, 2020",1187,197,272,617,0,646,171,498,311,426,0,517,512,172,83,1274,262,137,1080
"November 25, 2020",2461,389,440,952,0,1054,371,890,951,1246,0,1319,1280,548,424,2737,715,363,1794
"November 26, 2020",1551,276,327,773,0,812,221,618,377,543,0,667,610,247,119,1608,323,170,1286
"November 27, 2020",1808,280,403,822,0,939,263,686,635,781,0,980,852,393,273,1950,331,179,1365
"November 28, 2020",3830,1110,456,804,0,838,779,1348,2290,2857,0,2683,3003,1121,1306,4392,282,677,2354
"November 29, 2020",2216,499,324,493,0,616,367,777,1123,1317,0,1584,1588,668,718,2512,222,275,1291
"November 30, 2020",1922,277,358,838,0,937,229,770,644,872,0,1124,1157,459,288,2329,311,252,1585
"December 1, 2020",2958,481,471,1122,0,1226,444,1037,1114,1418,0,1718,1769,698,611,3246,397,386,2128
"December 2, 2020",2967,515,466,1136,0,1185,506,1036,1212,1495,0,1620,1732,652,606,3118,441,413,2093
"December 3, 2020",2317,375,462,990,0,1134,401,849,702,939,0,1256,1149,477,313,2562,417,306,1779
"December 4, 2020",3122,546,568,1128,0,1207,535,1100,1246,1539,0,2031,2002,774,807,3585,432,403,2131
"December 5, 2020",4005,1057,502,881,0,945,838,1324,2396,2882,0,3056,3257,1196,1603,4669,344,671,2375
"December 6, 2020",1055,266,216,291,0,425,117,327,505,625,0,696,669,266,267,1198,140,147,705
"December 7, 2020",1013,153,276,598,0,583,154,429,242,326,0,391,309,161,65,1113,210,116,977
"December 8, 2020",1203,157,291,672,0,714,183,503,270,397,0,501,445,173,88,1308,251,136,1046
"December 9, 2020",2368,456,486,1000,0,1035,362,908,926,1220,0,1272,1214,497,426,2497,373,314,1794
"December 10, 2020",2347,422,450,1016,0,1069,368,905,740,1023,0,1192,1158,455,386,2604,429,350,1947
"December 11, 2020",1503,221,336,617,0,791,180,580,422,585,0,644,565,209,177,1457,481,154,1032
"December 12, 2020",2913,757,428,660,0,801,515,1048,1691,2011,0,2182,2386,898,1182,3491,298,488,2024
"December 13, 2020",483,80,142,198,0,226,56,199,188,243,0,285,265,94,90,517,85,56,377
"December 14, 2020",1507,267,345,722,0,755,211,591,502,651,0,755,750,317,241,1662,300,218,1270
"December 15, 2020",1529,248,325,711,0,787,203,593,453,597,0,770,733,279,174,1740,292,193,1265
"December 16, 2020",1325,183,311,683,0,703,186,595,374,486,0,560,479,203,134,1458,272,161,1136
"December 17, 2020",2294,430,409,950,0,985,344,772,825,1068,0,1302,1307,471,466,2562,371,306,1754
"December 18, 2020",818,124,256,422,0,553,92,357,164,235,0,325,260,71,44,902,170,60,740
"December 19, 2020",800,168,171,273,0,320,108,343,335,438,0,447,459,191,224,902,109,116,542
"December 20, 2020",1910,548,322,457,0,605,343,718,1033,1272,0,1348,1423,549,673,2144,208,357,1180
"December 21, 2020",599,105,188,386,0,425,84,259,130,186,0,248,197,95,34,707,143,58,564
"December 22, 2020",2058,398,372,729,0,896,256,708,854,1047,0,1355,1436,541,639,2481,369,264,1374
"December 23, 2020",2035,369,410,673,0,932,233,678,699,909,0,1223,1165,474,491,2187,318,244,1272
"December 24, 2020",1587,303,318,484,0,601,233,495,659,871,0,984,1013,365,488,1695,188,266,931
"December 25, 2020",470,86,102,131,0,142,63,118,239,304,0,350,421,175,233,518,74,55,283
"December 26, 2020",670,169,139,181,0,239,62,212,319,412,0,447,516,169,201,758,72,93,400
"December 27, 2020",998,269,189,239,0,280,173,303,442,597,0,577,610,270,323,977,90,160,576
"December 28, 2020",2799,785,348,633,0,690,521,885,1523,1888,0,2113,2287,983,1299,3293,241,426,1709
"December 29, 2020",1441,271,244,491,0,602,242,476,525,708,0,822,874,366,429,1575,238,210,991
"December 30, 2020",541,102,195,293,0,322,203,225,150,204,0,279,215,90,81,684,132,73,508
"December 31, 2020",1718,339,284,503,0,565,315,534,753,980,0,1184,1202,450,543,1948,192,260,1194
